101:-975.0,-975.0,-975.0,-975.0,-975.0,-975.0,-975.0,-975.0,-975.0,-975.0,-975.0,-975.0,-975.0,-975.0,-975.0,-975.0,-975.0,-975.0,-975.0,-975.0,-975.0,-975.0,-975.0,-975.0,-975.0,-975.0,-975.0,-975.0,-975.0,-975.0,-975.0,-975.0,-975.0,-975.0,-975.0,-975.0,-975.0,-975.0,-975.0,-975.0,-975.0,-975.0,-975.0,-975.0,-975.0,-975.0,-975.0,-975.0,-975.0,-975.0,-975.0,-975.0,-975.0,-975.0,-975.0,-975.0,-975.0,-975.0,-975.0,-975.0,-975.0,-975.0,-975.0,-975.0,-975.0,-975.0,-975.0,-975.0,-975.0,-975.0,-975.0,-975.0,-975.0,-975.0,-975.0,-975.0,-975.0,-975.0,-975.0,-975.0,-975.0,-975.0,-975.0,-975.0,-975.0,-975.0,-975.0,-975.0,-975.0,-975.0,-975.0,-975.0,-975.0,-975.0,-975.0,-975.0,-975.0,-975.0,-975.0,-975.0,-975.0
101:-975.0,-1060.0,-1060.0,-1060.0,-1060.0,-1060.0,-1060.0,-1060.0,-1060.0,-1060.0,-1060.0,-1060.0,-1060.0,-1060.0,-1060.0,-1060.0,-1060.0,-1060.0,-1060.0,-1060.0,-1060.0,-1060.0,-1060.0,-1060.0,-1060.0,-1060.0,-1060.0,-1060.0,-1060.0,-1060.0,-1060.0,-1060.0,-1060.0,-1060.0,-1060.0,-1060.0,-1060.0,-1060.0,-1060.0,-1060.0,-1060.0,-1060.0,-1060.0,-1060.0,-1060.0,-1060.0,-1060.0,-1060.0,-1060.0,-1060.0,-1060.0,-1060.0,-1060.0,-1060.0,-1060.0,-1060.0,-1060.0,-1060.0,-1060.0,-1060.0,-1060.0,-1060.0,-1060.0,-1060.0,-1060.0,-1060.0,-1060.0,-1060.0,-1060.0,-1060.0,-1060.0,-1060.0,-1060.0,-1060.0,-1060.0,-1060.0,-1060.0,-1060.0,-1060.0,-1060.0,-1060.0,-1060.0,-1060.0,-1060.0,-1060.0,-1060.0,-1060.0,-1060.0,-1060.0,-1060.0,-1060.0,-1060.0,-1060.0,-1060.0,-1060.0,-1060.0,-1060.0,-1060.0,-1060.0,-1060.0,-1060.0
101:-975.0,-1060.0,-1060.0,-1060.0,-1060.0,-1060.0,-1060.0,-1060.0,-1060.0,-1060.0,-1060.0,-1060.0,-1060.0,-1060.0,-1060.0,-1060.0,-1060.0,-1060.0,-1060.0,-1060.0,-1060.0,-1060.0,-1060.0,-1060.0,-1060.0,-1060.0,-1060.0,-1060.0,-1060.0,-1060.0,-1060.0,-1060.0,-1060.0,-1060.0,-1060.0,-1060.0,-1060.0,-1060.0,-1060.0,-1060.0,-1060.0,-1060.0,-1060.0,-1060.0,-1060.0,-1060.0,-1060.0,-1060.0,-1060.0,-1060.0,-1060.0,-1060.0,-1060.0,-1060.0,-1060.0,-1060.0,-1060.0,-1060.0,-1060.0,-1060.0,-1060.0,-1060.0,-1060.0,-1060.0,-1060.0,-1060.0,-1060.0,-1060.0,-1060.0,-1060.0,-1060.0,-1060.0,-1060.0,-1060.0,-1060.0,-1060.0,-1060.0,-1060.0,-1060.0,-1060.0,-1060.0,-1060.0,-1060.0,-1060.0,-1060.0,-1060.0,-1060.0,-1060.0,-1060.0,-1060.0,-1060.0,-1060.0,-1060.0,-1060.0,-1060.0,-1060.0,-1060.0,-1060.0,-1060.0,-1060.0,-1060.0
101:-3315.0,-3315.0,-3510.0,-3510.0,-3510.0,-3510.0,-3510.0,-3510.0,-3510.0,-3510.0,-3595.0,-3595.0,-3595.0,-3595.0,-3595.0,-3595.0,-3595.0,-3595.0,-3595.0,-3595.0,-3595.0,-3595.0,-3595.0,-3595.0,-3595.0,-3595.0,-3595.0,-3595.0,-3595.0,-3595.0,-3595.0,-3595.0,-3595.0,-3595.0,-3595.0,-3595.0,-3595.0,-3595.0,-3595.0,-3595.0,-3595.0,-3595.0,-3595.0,-3595.0,-3595.0,-3595.0,-3595.0,-3595.0,-3595.0,-3595.0,-3595.0,-3595.0,-3595.0,-3595.0,-3595.0,-3595.0,-3595.0,-3595.0,-3595.0,-3595.0,-3595.0,-3595.0,-3595.0,-3595.0,-3595.0,-3595.0,-3595.0,-3595.0,-3595.0,-3595.0,-3595.0,-3595.0,-3595.0,-3595.0,-3595.0,-3595.0,-3595.0,-3595.0,-3595.0,-3595.0,-3595.0,-3595.0,-3595.0,-3595.0,-3595.0,-3595.0,-3595.0,-3595.0,-3595.0,-3595.0,-3595.0,-3595.0,-3595.0,-3595.0,-3595.0,-3595.0,-3595.0,-3595.0,-3595.0,-3595.0,-3595.0
101:-3315.0,-3315.0,-3315.0,-3315.0,-3595.0,-3595.0,-3595.0,-3595.0,-3595.0,-3595.0,-3595.0,-3595.0,-3595.0,-3595.0,-3595.0,-3595.0,-3595.0,-3595.0,-3595.0,-3595.0,-3595.0,-3595.0,-3595.0,-3595.0,-3595.0,-3595.0,-3595.0,-3595.0,-3595.0,-3595.0,-3595.0,-3595.0,-3595.0,-3595.0,-3595.0,-3595.0,-3595.0,-3595.0,-3595.0,-3595.0,-3595.0,-3595.0,-3595.0,-3595.0,-3595.0,-3595.0,-3595.0,-3595.0,-3595.0,-3595.0,-3595.0,-3595.0,-3595.0,-3595.0,-3595.0,-3595.0,-3595.0,-3595.0,-3595.0,-3595.0,-3595.0,-3595.0,-3595.0,-3595.0,-3595.0,-3595.0,-3595.0,-3595.0,-3595.0,-3595.0,-3595.0,-3595.0,-3595.0,-3595.0,-3595.0,-3595.0,-3595.0,-3595.0,-3595.0,-3595.0,-3595.0,-3595.0,-3595.0,-3595.0,-3595.0,-3595.0,-3595.0,-3595.0,-3595.0,-3595.0,-3595.0,-3595.0,-3595.0,-3595.0,-3595.0,-3595.0,-3595.0,-3595.0,-3595.0,-3595.0,-3595.0
101:-975.0,-1060.0,-1060.0,-1060.0,-1060.0,-1060.0,-1060.0,-1060.0,-1060.0,-1060.0,-1060.0,-1060.0,-1060.0,-1060.0,-1060.0,-1060.0,-1060.0,-1060.0,-1060.0,-1060.0,-1060.0,-1060.0,-1060.0,-1060.0,-1060.0,-1060.0,-1060.0,-1060.0,-1060.0,-1060.0,-1060.0,-1060.0,-1060.0,-1060.0,-1060.0,-1060.0,-1060.0,-1060.0,-1060.0,-1060.0,-1060.0,-1060.0,-1060.0,-1060.0,-1060.0,-1060.0,-1060.0,-1060.0,-1060.0,-1060.0,-1060.0,-1060.0,-1060.0,-1060.0,-1060.0,-1060.0,-1060.0,-1060.0,-1060.0,-1060.0,-1060.0,-1060.0,-1060.0,-1060.0,-1060.0,-1060.0,-1060.0,-1060.0,-1060.0,-1060.0,-1060.0,-1060.0,-1060.0,-1060.0,-1060.0,-1060.0,-1060.0,-1060.0,-1060.0,-1060.0,-1060.0,-1060.0,-1060.0,-1060.0,-1060.0,-1060.0,-1060.0,-1060.0,-1060.0,-1060.0,-1060.0,-1060.0,-1060.0,-1060.0,-1060.0,-1060.0,-1060.0,-1060.0,-1060.0,-1060.0,-1060.0
101:-975.0,-1060.0,-1060.0,-1060.0,-1060.0,-1060.0,-1060.0,-1060.0,-1060.0,-1060.0,-1060.0,-1060.0,-1060.0,-1060.0,-1060.0,-1060.0,-1060.0,-1060.0,-1060.0,-1060.0,-1060.0,-1060.0,-1060.0,-1060.0,-1060.0,-1060.0,-1060.0,-1060.0,-1060.0,-1060.0,-1060.0,-1060.0,-1060.0,-1060.0,-1060.0,-1060.0,-1060.0,-1060.0,-1060.0,-1060.0,-1060.0,-1060.0,-1060.0,-1060.0,-1060.0,-1060.0,-1060.0,-1060.0,-1060.0,-1060.0,-1060.0,-1060.0,-1060.0,-1060.0,-1060.0,-1060.0,-1060.0,-1060.0,-1060.0,-1060.0,-1060.0,-1060.0,-1060.0,-1060.0,-1060.0,-1060.0,-1060.0,-1060.0,-1060.0,-1060.0,-1060.0,-1060.0,-1060.0,-1060.0,-1060.0,-1060.0,-1060.0,-1060.0,-1060.0,-1060.0,-1060.0,-1060.0,-1060.0,-1060.0,-1060.0,-1060.0,-1060.0,-1060.0,-1060.0,-1060.0,-1060.0,-1060.0,-1060.0,-1060.0,-1060.0,-1060.0,-1060.0,-1060.0,-1060.0,-1060.0,-1060.0
101:-975.0,-1060.0,-1060.0,-1060.0,-1060.0,-1060.0,-1060.0,-1060.0,-1060.0,-1060.0,-1060.0,-1060.0,-1060.0,-1060.0,-1060.0,-1060.0,-1060.0,-1060.0,-1060.0,-1060.0,-1060.0,-1060.0,-1060.0,-1060.0,-1060.0,-1060.0,-1060.0,-1060.0,-1060.0,-1060.0,-1060.0,-1060.0,-1060.0,-1060.0,-1060.0,-1060.0,-1060.0,-1060.0,-1060.0,-1060.0,-1060.0,-1060.0,-1060.0,-1060.0,-1060.0,-1060.0,-1060.0,-1060.0,-1060.0,-1060.0,-1060.0,-1060.0,-1060.0,-1060.0,-1060.0,-1060.0,-1060.0,-1060.0,-1060.0,-1060.0,-1060.0,-1060.0,-1060.0,-1060.0,-1060.0,-1060.0,-1060.0,-1060.0,-1060.0,-1060.0,-1060.0,-1060.0,-1060.0,-1060.0,-1060.0,-1060.0,-1060.0,-1060.0,-1060.0,-1060.0,-1060.0,-1060.0,-1060.0,-1060.0,-1060.0,-1060.0,-1060.0,-1060.0,-1060.0,-1060.0,-1060.0,-1060.0,-1060.0,-1060.0,-1060.0,-1060.0,-1060.0,-1060.0,-1060.0,-1060.0,-1060.0
101:-975.0,-1060.0,-1060.0,-1060.0,-1060.0,-1060.0,-1060.0,-1060.0,-1060.0,-1060.0,-1060.0,-1060.0,-1060.0,-1060.0,-1060.0,-1060.0,-1060.0,-1060.0,-1060.0,-1060.0,-1060.0,-1060.0,-1060.0,-1060.0,-1060.0,-1060.0,-1060.0,-1060.0,-1060.0,-1060.0,-1060.0,-1060.0,-1060.0,-1060.0,-1060.0,-1060.0,-1060.0,-1060.0,-1060.0,-1060.0,-1060.0,-1060.0,-1060.0,-1060.0,-1060.0,-1060.0,-1060.0,-1060.0,-1060.0,-1060.0,-1060.0,-1060.0,-1060.0,-1060.0,-1060.0,-1060.0,-1060.0,-1060.0,-1060.0,-1060.0,-1060.0,-1060.0,-1060.0,-1060.0,-1060.0,-1060.0,-1060.0,-1060.0,-1060.0,-1060.0,-1060.0,-1060.0,-1060.0,-1060.0,-1060.0,-1060.0,-1060.0,-1060.0,-1060.0,-1060.0,-1060.0,-1060.0,-1060.0,-1060.0,-1060.0,-1060.0,-1060.0,-1060.0,-1060.0,-1060.0,-1060.0,-1060.0,-1060.0,-1060.0,-1060.0,-1060.0,-1060.0,-1060.0,-1060.0,-1060.0,-1060.0
101:-975.0,-1060.0,-1060.0,-1060.0,-1060.0,-1060.0,-1060.0,-1060.0,-1060.0,-1060.0,-1060.0,-1060.0,-1060.0,-1060.0,-1060.0,-1060.0,-1060.0,-1060.0,-1060.0,-1060.0,-1060.0,-1060.0,-1060.0,-1060.0,-1060.0,-1060.0,-1060.0,-1060.0,-1060.0,-1060.0,-1060.0,-1060.0,-1060.0,-1060.0,-1060.0,-1060.0,-1060.0,-1060.0,-1060.0,-1060.0,-1060.0,-1060.0,-1060.0,-1060.0,-1060.0,-1060.0,-1060.0,-1060.0,-1060.0,-1060.0,-1060.0,-1060.0,-1060.0,-1060.0,-1060.0,-1060.0,-1060.0,-1060.0,-1060.0,-1060.0,-1060.0,-1060.0,-1060.0,-1060.0,-1060.0,-1060.0,-1060.0,-1060.0,-1060.0,-1060.0,-1060.0,-1060.0,-1060.0,-1060.0,-1060.0,-1060.0,-1060.0,-1060.0,-1060.0,-1060.0,-1060.0,-1060.0,-1060.0,-1060.0,-1060.0,-1060.0,-1060.0,-1060.0,-1060.0,-1060.0,-1060.0,-1060.0,-1060.0,-1060.0,-1060.0,-1060.0,-1060.0,-1060.0,-1060.0,-1060.0,-1060.0
101:-1540.0,-1540.0,-1735.0,-1735.0,-1735.0,-1735.0,-1735.0,-1735.0,-1955.0,-1955.0,-1955.0,-1955.0,-1955.0,-1955.0,-1955.0,-1955.0,-1955.0,-1955.0,-1970.0,-1970.0,-1970.0,-1970.0,-1970.0,-1970.0,-1970.0,-1970.0,-1970.0,-1970.0,-1970.0,-1970.0,-1970.0,-1970.0,-1970.0,-1970.0,-1970.0,-1970.0,-1970.0,-1970.0,-1970.0,-1970.0,-1970.0,-1970.0,-1970.0,-1970.0,-1970.0,-1970.0,-1970.0,-1970.0,-1970.0,-1970.0,-1970.0,-1970.0,-1970.0,-1970.0,-1970.0,-1970.0,-1970.0,-1970.0,-1970.0,-1970.0,-1970.0,-1970.0,-1970.0,-1970.0,-1970.0,-1970.0,-1970.0,-1970.0,-1970.0,-1970.0,-1970.0,-1970.0,-1970.0,-1970.0,-1970.0,-1970.0,-1970.0,-1970.0,-1970.0,-1970.0,-1970.0,-1970.0,-1970.0,-1970.0,-1970.0,-1970.0,-1970.0,-1970.0,-1970.0,-1970.0,-1970.0,-1970.0,-1970.0,-1970.0,-1970.0,-1970.0,-1970.0,-1970.0,-1970.0,-1970.0,-1970.0
51:0.0,0.0,0.0,0.0,0.0,0.0,0.0,0.0,0.0,0.0,0.0,0.0,0.0,0.0,0.0,0.0,0.0,0.0,0.0,0.0,0.0,0.0,0.0,0.0,0.0,0.0,0.0,0.0,0.0,0.0,0.0,0.0,0.0,0.0,0.0,0.0,0.0,0.0,0.0,0.0,0.0,0.0,0.0,0.0,0.0,0.0,0.0,0.0,0.0,0.0,0.0
101:-13086.0,-13281.0,-13281.0,-13281.0,-14794.0,-14794.0,-14944.0,-14944.0,-14944.0,-14944.0,-14944.0,-14944.0,-14944.0,-14944.0,-14944.0,-14944.0,-14944.0,-14944.0,-14944.0,-14944.0,-14944.0,-14944.0,-14944.0,-14944.0,-14944.0,-14944.0,-14944.0,-14944.0,-14944.0,-14944.0,-14944.0,-14944.0,-14944.0,-14944.0,-14944.0,-14944.0,-14944.0,-14944.0,-14944.0,-14944.0,-14944.0,-14944.0,-14944.0,-14944.0,-14944.0,-14944.0,-14944.0,-14944.0,-14944.0,-14944.0,-14944.0,-14944.0,-14944.0,-14944.0,-14944.0,-14944.0,-14944.0,-14944.0,-14944.0,-14944.0,-14944.0,-14944.0,-14944.0,-14944.0,-14944.0,-14944.0,-14944.0,-14944.0,-14944.0,-14944.0,-14944.0,-14944.0,-14944.0,-14944.0,-14944.0,-14944.0,-14944.0,-14944.0,-14944.0,-14944.0,-14944.0,-14944.0,-14944.0,-14944.0,-14944.0,-14944.0,-14944.0,-14944.0,-14944.0,-14944.0,-14944.0,-14944.0,-14944.0,-14944.0,-14944.0,-14944.0,-14944.0,-14944.0,-14944.0,-14944.0,-14944.0
101:-23886.0,-24081.0,-24831.0,-24831.0,-24831.0,-24831.0,-25744.0,-25744.0,-25744.0,-25744.0,-25744.0,-25744.0,-25744.0,-25744.0,-25744.0,-25744.0,-25744.0,-25744.0,-25744.0,-25744.0,-25744.0,-25744.0,-25744.0,-25744.0,-25744.0,-25744.0,-25744.0,-25744.0,-25744.0,-25744.0,-25744.0,-25744.0,-25744.0,-25744.0,-25744.0,-25744.0,-25744.0,-25744.0,-25744.0,-25744.0,-25744.0,-25744.0,-25744.0,-25744.0,-25744.0,-25744.0,-25744.0,-25744.0,-25744.0,-25744.0,-25744.0,-25744.0,-25744.0,-25744.0,-25744.0,-25744.0,-25744.0,-25744.0,-25744.0,-25744.0,-25744.0,-25744.0,-25744.0,-25744.0,-25744.0,-25744.0,-25744.0,-25744.0,-25744.0,-25744.0,-25744.0,-25744.0,-25744.0,-25744.0,-25744.0,-25744.0,-25744.0,-25744.0,-25744.0,-25744.0,-25744.0,-25744.0,-25744.0,-25744.0,-25744.0,-25744.0,-25744.0,-25744.0,-25744.0,-25744.0,-25744.0,-25744.0,-25744.0,-25744.0,-25744.0,-25744.0,-25744.0,-25744.0,-25744.0,-25744.0,-25744.0
101:-23886.0,-24831.0,-24831.0,-24831.0,-24831.0,-24831.0,-24831.0,-24831.0,-24831.0,-24831.0,-24831.0,-24831.0,-24831.0,-24831.0,-24831.0,-24831.0,-24831.0,-24831.0,-24831.0,-24831.0,-24831.0,-24831.0,-25744.0,-25744.0,-25744.0,-25744.0,-25744.0,-25744.0,-25744.0,-25744.0,-25744.0,-25744.0,-25744.0,-25744.0,-25744.0,-25744.0,-25744.0,-25744.0,-25744.0,-25744.0,-25744.0,-25744.0,-25744.0,-25744.0,-25744.0,-25744.0,-25744.0,-25744.0,-25744.0,-25744.0,-25744.0,-25744.0,-25744.0,-25744.0,-25744.0,-25744.0,-25744.0,-25744.0,-25744.0,-25744.0,-25744.0,-25744.0,-25744.0,-25744.0,-25744.0,-25744.0,-25744.0,-25744.0,-25744.0,-25744.0,-25744.0,-25744.0,-25744.0,-25744.0,-25744.0,-25744.0,-25744.0,-25744.0,-25744.0,-25744.0,-25744.0,-25744.0,-25744.0,-25744.0,-25744.0,-25744.0,-25744.0,-25744.0,-25744.0,-25744.0,-25744.0,-25744.0,-25744.0,-25744.0,-25744.0,-25744.0,-25744.0,-25744.0,-25744.0,-25744.0,-25744.0
101:-23634.0,-23886.0,-25744.0,-25744.0,-25744.0,-25744.0,-25744.0,-25744.0,-25744.0,-25744.0,-25744.0,-25744.0,-25744.0,-25744.0,-25744.0,-25744.0,-25744.0,-25744.0,-25744.0,-25744.0,-25744.0,-25744.0,-25744.0,-25744.0,-25744.0,-25744.0,-25744.0,-25744.0,-25744.0,-25744.0,-25744.0,-25744.0,-25744.0,-25744.0,-25744.0,-25744.0,-25744.0,-25744.0,-25744.0,-25744.0,-25744.0,-25744.0,-25744.0,-25744.0,-25744.0,-25744.0,-25744.0,-25744.0,-25744.0,-25744.0,-25744.0,-25744.0,-25744.0,-25744.0,-25744.0,-25744.0,-25744.0,-25744.0,-25744.0,-25744.0,-25744.0,-25744.0,-25744.0,-25744.0,-25744.0,-25744.0,-25744.0,-25744.0,-25744.0,-25744.0,-25744.0,-25744.0,-25744.0,-25744.0,-25744.0,-25744.0,-25744.0,-25744.0,-25744.0,-25744.0,-25744.0,-25744.0,-25744.0,-25744.0,-25744.0,-25744.0,-25744.0,-25744.0,-25744.0,-25744.0,-25744.0,-25744.0,-25744.0,-25744.0,-25744.0,-25744.0,-25744.0,-25744.0,-25744.0,-25744.0,-25744.0
151:-372117.0,-1.2454446E7,-1.2454901E7,-1.2454901E7,-1.2454901E7,-1.2454901E7,-1.2454901E7,-1.2454901E7,-1.2454901E7,-1.2454901E7,-1.2454901E7,-1.2454901E7,-1.2454901E7,-1.2454901E7,-1.2454901E7,-1.2454901E7,-1.2454901E7,-1.2454901E7,-1.2454901E7,-1.2454901E7,-1.2454901E7,-1.2454901E7,-1.2454901E7,-1.2454901E7,-1.2454901E7,-1.2454901E7,-1.2454901E7,-1.2454901E7,-1.2454901E7,-1.2454901E7,-1.2454901E7,-1.2454901E7,-1.2454901E7,-1.2454901E7,-1.2454901E7,-1.2454901E7,-1.2454901E7,-1.2454901E7,-1.2454901E7,-1.2454901E7,-1.2454901E7,-1.2454901E7,-1.2454901E7,-1.2454901E7,-1.2454901E7,-1.2454901E7,-1.2454901E7,-1.2454901E7,-1.2454901E7,-1.2454901E7,-1.2454901E7,-1.2454901E7,-1.2454901E7,-1.2454901E7,-1.2454901E7,-1.2454901E7,-1.2454901E7,-1.2454901E7,-1.2454901E7,-1.2454901E7,-1.2454901E7,-1.2454901E7,-1.2454901E7,-1.2454901E7,-1.2454901E7,-1.2454901E7,-1.2454901E7,-1.2454901E7,-1.2454901E7,-1.2454901E7,-1.2454901E7,-1.2454901E7,-1.2454901E7,-1.2454901E7,-1.2454901E7,-1.2454901E7,-1.2454901E7,-1.2454901E7,-1.2454901E7,-1.2454901E7,-1.2454901E7,-1.2454901E7,-1.2454901E7,-1.2454901E7,-1.2454901E7,-1.2454901E7,-1.2454901E7,-1.2454901E7,-1.2454901E7,-1.2454901E7,-1.2454901E7,-1.2454901E7,-1.2454901E7,-1.2454901E7,-1.2454901E7,-1.2454901E7,-1.2454901E7,-1.2454901E7,-1.2454901E7,-1.2454901E7,-1.2454901E7,-1.2454901E7,-1.2454901E7,-1.2454901E7,-1.2454901E7,-1.2454901E7,-1.2454901E7,-1.2454901E7,-1.2454901E7,-1.2454901E7,-1.2454901E7,-1.2454901E7,-1.2454901E7,-1.2454901E7,-1.2454901E7,-1.2454901E7,-1.2454901E7,-1.2454901E7,-1.2454901E7,-1.2454901E7,-1.2454901E7,-1.2454901E7,-1.2454901E7,-1.2454901E7,-1.2454901E7,-1.2454901E7,-1.2454901E7,-1.2454901E7,-1.2454901E7,-1.2454901E7,-1.2454901E7,-1.2454901E7,-1.2454901E7,-1.2454901E7,-1.2454901E7,-1.2454901E7,-1.2454901E7,-1.2454901E7,-1.2454901E7,-1.2454901E7,-1.2454901E7,-1.2454901E7,-1.2454901E7,-1.2454901E7,-1.2454901E7,-1.2454901E7,-1.2454901E7,-1.2454901E7,-1.2454901E7,-1.2454901E7,-1.2454901E7
101:-23634.0,-23729.0,-23729.0,-23729.0,-23729.0,-23729.0,-23729.0,-23729.0,-23729.0,-23729.0,-23729.0,-23729.0,-23729.0,-23729.0,-23729.0,-23729.0,-23729.0,-23729.0,-23729.0,-23729.0,-23729.0,-23729.0,-23729.0,-23729.0,-23729.0,-23729.0,-23729.0,-23729.0,-23729.0,-23729.0,-23729.0,-23729.0,-23729.0,-23729.0,-23729.0,-23729.0,-23729.0,-23729.0,-23729.0,-23729.0,-23729.0,-23729.0,-23729.0,-23729.0,-23729.0,-23729.0,-23729.0,-23729.0,-23729.0,-23729.0,-23729.0,-23729.0,-23729.0,-23729.0,-23729.0,-23729.0,-23729.0,-23729.0,-23729.0,-23729.0,-23729.0,-23729.0,-23729.0,-23729.0,-23729.0,-23729.0,-23729.0,-23729.0,-23729.0,-23729.0,-23729.0,-23729.0,-23729.0,-23729.0,-23729.0,-23729.0,-23729.0,-23729.0,-23729.0,-23729.0,-23729.0,-23729.0,-23729.0,-23729.0,-23729.0,-23729.0,-23729.0,-23729.0,-23729.0,-23729.0,-23729.0,-23729.0,-23729.0,-23729.0,-23729.0,-23729.0,-23729.0,-23729.0,-23729.0,-23729.0,-23729.0
101:-23634.0,-23784.0,-23784.0,-23784.0,-23784.0,-23784.0,-23784.0,-23784.0,-23784.0,-23784.0,-23784.0,-23784.0,-23784.0,-23784.0,-23784.0,-23784.0,-23784.0,-23784.0,-23784.0,-23784.0,-23784.0,-23784.0,-23784.0,-23784.0,-23784.0,-23784.0,-23784.0,-23784.0,-23784.0,-23784.0,-23784.0,-23784.0,-23784.0,-23784.0,-23784.0,-23784.0,-23784.0,-23784.0,-23784.0,-23784.0,-23784.0,-23784.0,-23784.0,-23784.0,-23784.0,-23784.0,-23784.0,-23784.0,-23784.0,-23784.0,-23784.0,-23784.0,-23784.0,-23784.0,-23784.0,-23784.0,-23784.0,-23784.0,-23784.0,-23784.0,-23784.0,-23784.0,-23784.0,-23784.0,-23784.0,-23784.0,-23784.0,-23784.0,-23784.0,-23784.0,-23784.0,-23784.0,-23784.0,-23784.0,-23784.0,-23784.0,-23784.0,-23784.0,-23784.0,-23784.0,-23784.0,-23784.0,-23784.0,-23784.0,-23784.0,-23784.0,-23784.0,-23784.0,-23784.0,-23784.0,-23784.0,-23784.0,-23784.0,-23784.0,-23784.0,-23784.0,-23784.0,-23784.0,-23784.0,-23784.0,-23784.0
101:-23634.0,-23784.0,-23784.0,-23784.0,-23784.0,-23784.0,-23784.0,-23784.0,-23784.0,-23784.0,-23784.0,-23784.0,-23784.0,-23784.0,-23784.0,-23784.0,-23784.0,-23784.0,-23784.0,-23784.0,-23784.0,-23784.0,-23784.0,-23784.0,-23784.0,-23784.0,-23784.0,-23784.0,-23784.0,-23784.0,-23784.0,-23784.0,-23784.0,-23784.0,-23784.0,-23784.0,-23784.0,-23784.0,-23784.0,-23784.0,-23784.0,-23784.0,-23784.0,-23784.0,-23784.0,-23784.0,-23784.0,-23784.0,-23784.0,-23784.0,-23784.0,-23784.0,-23784.0,-23784.0,-23784.0,-23784.0,-23784.0,-23784.0,-23784.0,-23784.0,-23784.0,-23784.0,-23784.0,-23784.0,-23784.0,-23784.0,-23784.0,-23784.0,-23784.0,-23784.0,-23784.0,-23784.0,-23784.0,-23784.0,-23784.0,-23784.0,-23784.0,-23784.0,-23784.0,-23784.0,-23784.0,-23784.0,-23784.0,-23784.0,-23784.0,-23784.0,-23784.0,-23784.0,-23784.0,-23784.0,-23784.0,-23784.0,-23784.0,-23784.0,-23784.0,-23784.0,-23784.0,-23784.0,-23784.0,-23784.0,-23784.0
101:-23634.0,-23784.0,-23784.0,-23784.0,-23784.0,-23784.0,-23784.0,-23784.0,-23784.0,-23784.0,-23784.0,-23784.0,-23784.0,-23784.0,-23784.0,-23784.0,-23784.0,-23784.0,-23784.0,-23784.0,-23784.0,-23784.0,-23784.0,-23784.0,-23784.0,-23784.0,-23784.0,-23784.0,-23784.0,-23784.0,-23784.0,-23784.0,-23784.0,-23784.0,-23784.0,-23784.0,-23784.0,-23784.0,-23784.0,-23784.0,-23784.0,-23784.0,-23784.0,-23784.0,-23784.0,-23784.0,-23784.0,-23784.0,-23784.0,-23784.0,-23784.0,-23784.0,-23784.0,-23784.0,-23784.0,-23784.0,-23784.0,-23784.0,-23784.0,-23784.0,-23784.0,-23784.0,-23784.0,-23784.0,-23784.0,-23784.0,-23784.0,-23784.0,-23784.0,-23784.0,-23784.0,-23784.0,-23784.0,-23784.0,-23784.0,-23784.0,-23784.0,-23784.0,-23784.0,-23784.0,-23784.0,-23784.0,-23784.0,-23784.0,-23784.0,-23784.0,-23784.0,-23784.0,-23784.0,-23784.0,-23784.0,-23784.0,-23784.0,-23784.0,-23784.0,-23784.0,-23784.0,-23784.0,-23784.0,-23784.0,-23784.0
101:-23634.0,-23784.0,-23784.0,-23784.0,-23784.0,-23784.0,-23784.0,-23784.0,-23784.0,-23784.0,-23784.0,-23784.0,-23784.0,-23784.0,-23784.0,-23784.0,-23784.0,-23784.0,-23784.0,-23784.0,-23784.0,-23784.0,-23784.0,-23784.0,-23784.0,-23784.0,-23784.0,-23784.0,-23784.0,-23784.0,-23784.0,-23784.0,-23784.0,-23784.0,-23784.0,-23784.0,-23784.0,-23784.0,-23784.0,-23784.0,-23784.0,-23784.0,-23784.0,-23784.0,-23784.0,-23784.0,-23784.0,-23784.0,-23784.0,-23784.0,-23784.0,-23784.0,-23784.0,-23784.0,-23784.0,-23784.0,-23784.0,-23784.0,-23784.0,-23784.0,-23784.0,-23784.0,-23784.0,-23784.0,-23784.0,-23784.0,-23784.0,-23784.0,-23784.0,-23784.0,-23784.0,-23784.0,-23784.0,-23784.0,-23784.0,-23784.0,-23784.0,-23784.0,-23784.0,-23784.0,-23784.0,-23784.0,-23784.0,-23784.0,-23784.0,-23784.0,-23784.0,-23784.0,-23784.0,-23784.0,-23784.0,-23784.0,-23784.0,-23784.0,-23784.0,-23784.0,-23784.0,-23784.0,-23784.0,-23784.0,-23784.0
101:-23634.0,-23784.0,-23784.0,-23784.0,-23784.0,-23784.0,-23784.0,-23784.0,-23784.0,-23784.0,-23784.0,-23784.0,-23784.0,-23784.0,-23784.0,-23784.0,-23784.0,-23784.0,-23784.0,-23784.0,-23784.0,-23784.0,-23784.0,-23784.0,-23784.0,-23784.0,-23784.0,-23784.0,-23784.0,-23784.0,-23784.0,-23784.0,-23784.0,-23784.0,-23784.0,-23784.0,-23784.0,-23784.0,-23784.0,-23784.0,-23784.0,-23784.0,-23784.0,-23784.0,-23784.0,-23784.0,-23784.0,-23784.0,-23784.0,-23784.0,-23784.0,-23784.0,-23784.0,-23784.0,-23784.0,-23784.0,-23784.0,-23784.0,-23784.0,-23784.0,-23784.0,-23784.0,-23784.0,-23784.0,-23784.0,-23784.0,-23784.0,-23784.0,-23784.0,-23784.0,-23784.0,-23784.0,-23784.0,-23784.0,-23784.0,-23784.0,-23784.0,-23784.0,-23784.0,-23784.0,-23784.0,-23784.0,-23784.0,-23784.0,-23784.0,-23784.0,-23784.0,-23784.0,-23784.0,-23784.0,-23784.0,-23784.0,-23784.0,-23784.0,-23784.0,-23784.0,-23784.0,-23784.0,-23784.0,-23784.0,-23784.0
151:-66591.0,-67416.0,-67416.0,-67416.0,-67416.0,-67416.0,-67416.0,-67416.0,-67416.0,-67416.0,-67416.0,-67416.0,-67416.0,-67416.0,-67416.0,-67416.0,-67416.0,-67416.0,-67416.0,-67416.0,-67416.0,-67416.0,-67416.0,-67416.0,-67416.0,-67416.0,-67416.0,-67416.0,-67416.0,-67416.0,-67416.0,-67416.0,-67416.0,-67416.0,-67416.0,-67416.0,-67416.0,-67416.0,-67416.0,-67416.0,-67416.0,-67416.0,-67416.0,-67416.0,-67416.0,-67416.0,-67416.0,-67416.0,-67416.0,-67416.0,-67416.0,-67416.0,-67416.0,-67416.0,-67416.0,-67416.0,-67416.0,-67416.0,-67416.0,-67416.0,-67416.0,-67416.0,-67416.0,-67416.0,-67416.0,-67416.0,-67416.0,-67416.0,-67416.0,-67416.0,-67416.0,-67416.0,-67416.0,-67416.0,-67416.0,-67416.0,-67416.0,-67416.0,-67416.0,-67416.0,-67416.0,-67416.0,-67416.0,-67416.0,-67416.0,-67416.0,-67416.0,-67416.0,-67416.0,-67416.0,-67416.0,-67416.0,-67416.0,-67416.0,-67416.0,-67416.0,-67416.0,-67416.0,-67416.0,-67416.0,-67416.0,-67416.0,-67416.0,-67416.0,-67416.0,-67416.0,-67416.0,-67416.0,-67416.0,-67416.0,-67416.0,-67416.0,-67416.0,-67416.0,-67416.0,-67416.0,-67416.0,-67416.0,-67416.0,-67416.0,-67416.0,-67416.0,-67416.0,-67416.0,-67416.0,-67416.0,-67416.0,-67416.0,-67416.0,-67416.0,-67416.0,-67416.0,-67416.0,-67416.0,-67416.0,-67416.0,-67416.0,-67416.0,-67416.0,-67416.0,-67416.0,-67416.0,-67416.0,-67416.0,-67416.0,-67416.0,-67416.0,-67416.0,-67416.0,-67416.0,-67416.0
151:-88866.0,-89691.0,-89691.0,-89691.0,-89691.0,-89691.0,-89691.0,-89691.0,-89691.0,-89691.0,-89691.0,-89691.0,-89691.0,-89691.0,-89691.0,-89691.0,-89691.0,-89691.0,-89691.0,-89691.0,-89691.0,-89691.0,-89691.0,-89691.0,-89691.0,-89691.0,-89691.0,-89691.0,-89691.0,-89691.0,-89691.0,-89691.0,-89691.0,-89691.0,-89691.0,-89691.0,-89691.0,-89691.0,-89691.0,-89691.0,-89691.0,-89691.0,-89691.0,-89691.0,-89691.0,-89691.0,-89691.0,-89691.0,-89691.0,-89691.0,-89691.0,-89691.0,-89691.0,-89691.0,-89691.0,-89691.0,-89691.0,-89691.0,-89691.0,-89691.0,-89691.0,-89691.0,-89691.0,-89691.0,-89691.0,-89691.0,-89691.0,-89691.0,-89691.0,-89691.0,-89691.0,-89691.0,-89691.0,-89691.0,-89691.0,-89691.0,-89691.0,-89691.0,-89691.0,-89691.0,-89691.0,-89691.0,-89691.0,-89691.0,-89691.0,-89691.0,-89691.0,-89691.0,-89691.0,-89691.0,-89691.0,-89691.0,-89691.0,-89691.0,-89691.0,-89691.0,-89691.0,-89691.0,-89691.0,-89691.0,-89691.0,-89691.0,-89691.0,-89691.0,-89691.0,-89691.0,-89691.0,-89691.0,-89691.0,-89691.0,-89691.0,-89691.0,-89691.0,-89691.0,-89691.0,-89691.0,-89691.0,-89691.0,-89691.0,-89691.0,-89691.0,-89691.0,-89691.0,-89691.0,-89691.0,-89691.0,-89691.0,-89691.0,-89691.0,-89691.0,-89691.0,-89691.0,-89691.0,-89691.0,-89691.0,-89691.0,-89691.0,-89691.0,-89691.0,-89691.0,-89691.0,-89691.0,-89691.0,-89691.0,-89691.0,-89691.0,-89691.0,-89691.0,-89691.0,-89691.0,-89691.0
151:-88866.0,-89691.0,-89691.0,-89691.0,-89691.0,-89691.0,-89691.0,-89691.0,-89691.0,-89691.0,-89691.0,-89691.0,-89691.0,-89691.0,-89691.0,-89691.0,-89691.0,-89691.0,-89691.0,-89691.0,-89691.0,-89691.0,-89691.0,-89691.0,-89691.0,-89691.0,-89691.0,-89691.0,-89691.0,-89691.0,-89691.0,-89691.0,-89691.0,-89691.0,-89691.0,-89691.0,-89691.0,-89691.0,-89691.0,-89691.0,-89691.0,-89691.0,-89691.0,-89691.0,-89691.0,-89691.0,-89691.0,-89691.0,-89691.0,-89691.0,-89691.0,-89691.0,-89691.0,-89691.0,-89691.0,-89691.0,-89691.0,-89691.0,-89691.0,-89691.0,-89691.0,-89691.0,-89691.0,-89691.0,-89691.0,-89691.0,-89691.0,-89691.0,-89691.0,-89691.0,-89691.0,-89691.0,-89691.0,-89691.0,-89691.0,-89691.0,-89691.0,-89691.0,-89691.0,-89691.0,-89691.0,-89691.0,-89691.0,-89691.0,-89691.0,-89691.0,-89691.0,-89691.0,-89691.0,-89691.0,-89691.0,-89691.0,-89691.0,-89691.0,-89691.0,-89691.0,-89691.0,-89691.0,-89691.0,-89691.0,-89691.0,-89691.0,-89691.0,-89691.0,-89691.0,-89691.0,-89691.0,-89691.0,-89691.0,-89691.0,-89691.0,-89691.0,-89691.0,-89691.0,-89691.0,-89691.0,-89691.0,-89691.0,-89691.0,-89691.0,-89691.0,-89691.0,-89691.0,-89691.0,-89691.0,-89691.0,-89691.0,-89691.0,-89691.0,-89691.0,-89691.0,-89691.0,-89691.0,-89691.0,-89691.0,-89691.0,-89691.0,-89691.0,-89691.0,-89691.0,-89691.0,-89691.0,-89691.0,-89691.0,-89691.0,-89691.0,-89691.0,-89691.0,-89691.0,-89691.0,-89691.0
201:-88866.0,-89691.0,-8633415.0,-8633415.0,-8633415.0,-8633415.0,-8633415.0,-8633415.0,-8633415.0,-8633415.0,-8633415.0,-8633415.0,-8633415.0,-8633415.0,-8633415.0,-8633415.0,-8633415.0,-8633415.0,-8633415.0,-8633415.0,-8633415.0,-8633415.0,-8633415.0,-8633415.0,-8633415.0,-8633415.0,-8633415.0,-8633415.0,-8633415.0,-8633415.0,-8633415.0,-8633415.0,-8633415.0,-8633415.0,-8633415.0,-8633415.0,-8633415.0,-8633415.0,-8633415.0,-8633415.0,-8633415.0,-8633415.0,-8633415.0,-8633415.0,-8633415.0,-8633415.0,-8633415.0,-8633415.0,-8633415.0,-8633415.0,-8633415.0,-8633415.0,-8633415.0,-8633415.0,-8633415.0,-8633415.0,-8633415.0,-8633415.0,-8633415.0,-8633415.0,-8633415.0,-8633415.0,-8633415.0,-8633415.0,-8633415.0,-8633415.0,-8633415.0,-8633415.0,-8633415.0,-8633415.0,-8633415.0,-8633415.0,-8633415.0,-8633415.0,-8633415.0,-8633415.0,-8633415.0,-8633415.0,-8633415.0,-8633415.0,-8633415.0,-8633415.0,-8633415.0,-8633415.0,-8633415.0,-8633415.0,-8633415.0,-8633415.0,-8633415.0,-8633415.0,-8633415.0,-8633415.0,-8633415.0,-8633415.0,-8633415.0,-8633415.0,-8633415.0,-8633415.0,-8633415.0,-8633415.0,-8633415.0,-8633415.0,-8633415.0,-8633415.0,-8633415.0,-8633415.0,-8633415.0,-8633415.0,-8633415.0,-8633415.0,-8633415.0,-8633415.0,-8633415.0,-8633415.0,-8633415.0,-8633415.0,-8633415.0,-8633415.0,-8633415.0,-8633415.0,-8633415.0,-8633415.0,-8633415.0,-8633415.0,-8633415.0,-8633415.0,-8633415.0,-8633415.0,-8633415.0,-8633415.0,-8633415.0,-8633415.0,-8633415.0,-8633415.0,-8633415.0,-8633415.0,-8633415.0,-8633415.0,-8633415.0,-8633415.0,-8633415.0,-8633415.0,-8633415.0,-8633415.0,-8633415.0,-8633415.0,-8633415.0,-8633415.0,-8633415.0,-8633415.0,-8633415.0,-8633415.0,-8633415.0,-8633415.0,-8633415.0,-8633415.0,-8633415.0,-8633415.0,-8633415.0,-8633415.0,-8633415.0,-8633415.0,-8633415.0,-8633415.0,-8633415.0,-8633415.0,-8633415.0,-8633415.0,-8633415.0,-8633415.0,-8633415.0,-8633415.0,-8633415.0,-8633415.0,-8633415.0,-8633415.0,-8633415.0,-8633415.0,-8633415.0,-8633415.0,-8633415.0,-8633415.0,-8633415.0,-8633415.0,-8633415.0,-8633415.0,-8633415.0,-8633415.0,-8633415.0,-8633415.0,-8633415.0,-8633415.0,-8633415.0,-8633415.0,-8633415.0,-8633415.0,-8633415.0,-8633415.0,-8633415.0,-8633415.0,-8633415.0
201:-88866.0,-131649.0,-131649.0,-131649.0,-131649.0,-131649.0,-131649.0,-131649.0,-131649.0,-131649.0,-131649.0,-131649.0,-131649.0,-131649.0,-131649.0,-131649.0,-131649.0,-131649.0,-131649.0,-131649.0,-131649.0,-131649.0,-131649.0,-131649.0,-131649.0,-131649.0,-131649.0,-131649.0,-131649.0,-131649.0,-131649.0,-131649.0,-131649.0,-131649.0,-131649.0,-131649.0,-131649.0,-131649.0,-131649.0,-131649.0,-131649.0,-131649.0,-131649.0,-131649.0,-131649.0,-131649.0,-131649.0,-131649.0,-131649.0,-131649.0,-131649.0,-131649.0,-131649.0,-131649.0,-131649.0,-131649.0,-131649.0,-131649.0,-131649.0,-131649.0,-131649.0,-131649.0,-131649.0,-131649.0,-131649.0,-131649.0,-131649.0,-131649.0,-131649.0,-131649.0,-131649.0,-131649.0,-131649.0,-131649.0,-131649.0,-131649.0,-131649.0,-131649.0,-131649.0,-131649.0,-131649.0,-131649.0,-131649.0,-131649.0,-131649.0,-131649.0,-131649.0,-131649.0,-131649.0,-131649.0,-131649.0,-131649.0,-131649.0,-131649.0,-131649.0,-131649.0,-131649.0,-131649.0,-131649.0,-131649.0,-131649.0,-131649.0,-131649.0,-131649.0,-131649.0,-131649.0,-131649.0,-131649.0,-131649.0,-131649.0,-131649.0,-131649.0,-131649.0,-131649.0,-131649.0,-131649.0,-131649.0,-131649.0,-131649.0,-131649.0,-131649.0,-131649.0,-131649.0,-131649.0,-131649.0,-131649.0,-131649.0,-131649.0,-131649.0,-131649.0,-131649.0,-131649.0,-131649.0,-131649.0,-131649.0,-131649.0,-131649.0,-131649.0,-131649.0,-131649.0,-131649.0,-131649.0,-131649.0,-131649.0,-131649.0,-131649.0,-131649.0,-131649.0,-131649.0,-131649.0,-131649.0,-131649.0,-131649.0,-131649.0,-131649.0,-131649.0,-131649.0,-131649.0,-131649.0,-131649.0,-131649.0,-131649.0,-131649.0,-131649.0,-131649.0,-131649.0,-131649.0,-131649.0,-131649.0,-131649.0,-131649.0,-131649.0,-131649.0,-131649.0,-131649.0,-131649.0,-131649.0,-131649.0,-131649.0,-131649.0,-131649.0,-131649.0,-131649.0,-131649.0,-131649.0,-131649.0,-131649.0,-131649.0,-131649.0,-131649.0,-131649.0,-131649.0,-131649.0,-131649.0,-131649.0,-131649.0,-131649.0,-131649.0,-131649.0,-131649.0,-131649.0
151:-88866.0,-89691.0,-89691.0,-89691.0,-89691.0,-89691.0,-89691.0,-89691.0,-89691.0,-89691.0,-89691.0,-89691.0,-89691.0,-89691.0,-89691.0,-89691.0,-89691.0,-89691.0,-89691.0,-89691.0,-89691.0,-89691.0,-89691.0,-89691.0,-89691.0,-89691.0,-89691.0,-89691.0,-89691.0,-89691.0,-89691.0,-89691.0,-89691.0,-89691.0,-89691.0,-89691.0,-89691.0,-89691.0,-89691.0,-89691.0,-89691.0,-89691.0,-89691.0,-89691.0,-89691.0,-89691.0,-89691.0,-89691.0,-89691.0,-89691.0,-89691.0,-89691.0,-89691.0,-89691.0,-89691.0,-89691.0,-89691.0,-89691.0,-89691.0,-89691.0,-89691.0,-89691.0,-89691.0,-89691.0,-89691.0,-89691.0,-89691.0,-89691.0,-89691.0,-89691.0,-89691.0,-89691.0,-89691.0,-89691.0,-89691.0,-89691.0,-89691.0,-89691.0,-89691.0,-89691.0,-89691.0,-89691.0,-89691.0,-89691.0,-89691.0,-89691.0,-89691.0,-89691.0,-89691.0,-89691.0,-89691.0,-89691.0,-89691.0,-89691.0,-89691.0,-89691.0,-89691.0,-89691.0,-89691.0,-89691.0,-89691.0,-89691.0,-89691.0,-89691.0,-89691.0,-89691.0,-89691.0,-89691.0,-89691.0,-89691.0,-89691.0,-89691.0,-89691.0,-89691.0,-89691.0,-89691.0,-89691.0,-89691.0,-89691.0,-89691.0,-89691.0,-89691.0,-89691.0,-89691.0,-89691.0,-89691.0,-89691.0,-89691.0,-89691.0,-89691.0,-89691.0,-89691.0,-89691.0,-89691.0,-89691.0,-89691.0,-89691.0,-89691.0,-89691.0,-89691.0,-89691.0,-89691.0,-89691.0,-89691.0,-89691.0,-89691.0,-89691.0,-89691.0,-89691.0,-89691.0,-89691.0
151:-88866.0,-89691.0,-89691.0,-89691.0,-89691.0,-89691.0,-89691.0,-89691.0,-89691.0,-89691.0,-89691.0,-89691.0,-89691.0,-89691.0,-89691.0,-89691.0,-89691.0,-89691.0,-89691.0,-89691.0,-89691.0,-89691.0,-89691.0,-89691.0,-89691.0,-89691.0,-89691.0,-89691.0,-89691.0,-89691.0,-89691.0,-89691.0,-89691.0,-89691.0,-89691.0,-89691.0,-89691.0,-89691.0,-89691.0,-89691.0,-89691.0,-89691.0,-89691.0,-89691.0,-89691.0,-89691.0,-89691.0,-89691.0,-89691.0,-89691.0,-89691.0,-89691.0,-89691.0,-89691.0,-89691.0,-89691.0,-89691.0,-89691.0,-89691.0,-89691.0,-89691.0,-89691.0,-89691.0,-89691.0,-89691.0,-89691.0,-89691.0,-89691.0,-89691.0,-89691.0,-89691.0,-89691.0,-89691.0,-89691.0,-89691.0,-89691.0,-89691.0,-89691.0,-89691.0,-89691.0,-89691.0,-89691.0,-89691.0,-89691.0,-89691.0,-89691.0,-89691.0,-89691.0,-89691.0,-89691.0,-89691.0,-89691.0,-89691.0,-89691.0,-89691.0,-89691.0,-89691.0,-89691.0,-89691.0,-89691.0,-89691.0,-89691.0,-89691.0,-89691.0,-89691.0,-89691.0,-89691.0,-89691.0,-89691.0,-89691.0,-89691.0,-89691.0,-89691.0,-89691.0,-89691.0,-89691.0,-89691.0,-89691.0,-89691.0,-89691.0,-89691.0,-89691.0,-89691.0,-89691.0,-89691.0,-89691.0,-89691.0,-89691.0,-89691.0,-89691.0,-89691.0,-89691.0,-89691.0,-89691.0,-89691.0,-89691.0,-89691.0,-89691.0,-89691.0,-89691.0,-89691.0,-89691.0,-89691.0,-89691.0,-89691.0,-89691.0,-89691.0,-89691.0,-89691.0,-89691.0,-89691.0
151:-88866.0,-89691.0,-89691.0,-89691.0,-89691.0,-89691.0,-89691.0,-89691.0,-89691.0,-89691.0,-89691.0,-89691.0,-89691.0,-89691.0,-89691.0,-89691.0,-89691.0,-89691.0,-89691.0,-89691.0,-89691.0,-89691.0,-89691.0,-89691.0,-89691.0,-89691.0,-89691.0,-89691.0,-89691.0,-89691.0,-89691.0,-89691.0,-89691.0,-89691.0,-89691.0,-89691.0,-89691.0,-89691.0,-89691.0,-89691.0,-89691.0,-89691.0,-89691.0,-89691.0,-89691.0,-89691.0,-89691.0,-89691.0,-89691.0,-89691.0,-89691.0,-89691.0,-89691.0,-89691.0,-89691.0,-89691.0,-89691.0,-89691.0,-89691.0,-89691.0,-89691.0,-89691.0,-89691.0,-89691.0,-89691.0,-89691.0,-89691.0,-89691.0,-89691.0,-89691.0,-89691.0,-89691.0,-89691.0,-89691.0,-89691.0,-89691.0,-89691.0,-89691.0,-89691.0,-89691.0,-89691.0,-89691.0,-89691.0,-89691.0,-89691.0,-89691.0,-89691.0,-89691.0,-89691.0,-89691.0,-89691.0,-89691.0,-89691.0,-89691.0,-89691.0,-89691.0,-89691.0,-89691.0,-89691.0,-89691.0,-89691.0,-89691.0,-89691.0,-89691.0,-89691.0,-89691.0,-89691.0,-89691.0,-89691.0,-89691.0,-89691.0,-89691.0,-89691.0,-89691.0,-89691.0,-89691.0,-89691.0,-89691.0,-89691.0,-89691.0,-89691.0,-89691.0,-89691.0,-89691.0,-89691.0,-89691.0,-89691.0,-89691.0,-89691.0,-89691.0,-89691.0,-89691.0,-89691.0,-89691.0,-89691.0,-89691.0,-89691.0,-89691.0,-89691.0,-89691.0,-89691.0,-89691.0,-89691.0,-89691.0,-89691.0,-89691.0,-89691.0,-89691.0,-89691.0,-89691.0,-89691.0
151:-88866.0,-89691.0,-89691.0,-89691.0,-89691.0,-89691.0,-89691.0,-89691.0,-89691.0,-89691.0,-89691.0,-89691.0,-89691.0,-89691.0,-89691.0,-89691.0,-89691.0,-89691.0,-89691.0,-89691.0,-89691.0,-89691.0,-89691.0,-89691.0,-89691.0,-89691.0,-89691.0,-89691.0,-89691.0,-89691.0,-89691.0,-89691.0,-89691.0,-89691.0,-89691.0,-89691.0,-89691.0,-89691.0,-89691.0,-89691.0,-89691.0,-89691.0,-89691.0,-89691.0,-89691.0,-89691.0,-89691.0,-89691.0,-89691.0,-89691.0,-89691.0,-89691.0,-89691.0,-89691.0,-89691.0,-89691.0,-89691.0,-89691.0,-89691.0,-89691.0,-89691.0,-89691.0,-89691.0,-89691.0,-89691.0,-89691.0,-89691.0,-89691.0,-89691.0,-89691.0,-89691.0,-89691.0,-89691.0,-89691.0,-89691.0,-89691.0,-89691.0,-89691.0,-89691.0,-89691.0,-89691.0,-89691.0,-89691.0,-89691.0,-89691.0,-89691.0,-89691.0,-89691.0,-89691.0,-89691.0,-89691.0,-89691.0,-89691.0,-89691.0,-89691.0,-89691.0,-89691.0,-89691.0,-89691.0,-89691.0,-89691.0,-89691.0,-89691.0,-89691.0,-89691.0,-89691.0,-89691.0,-89691.0,-89691.0,-89691.0,-89691.0,-89691.0,-89691.0,-89691.0,-89691.0,-89691.0,-89691.0,-89691.0,-89691.0,-89691.0,-89691.0,-89691.0,-89691.0,-89691.0,-89691.0,-89691.0,-89691.0,-89691.0,-89691.0,-89691.0,-89691.0,-89691.0,-89691.0,-89691.0,-89691.0,-89691.0,-89691.0,-89691.0,-89691.0,-89691.0,-89691.0,-89691.0,-89691.0,-89691.0,-89691.0,-89691.0,-89691.0,-89691.0,-89691.0,-89691.0,-89691.0
151:-88866.0,-89691.0,-89691.0,-89691.0,-89691.0,-89691.0,-89691.0,-89691.0,-89691.0,-89691.0,-89691.0,-89691.0,-89691.0,-89691.0,-89691.0,-89691.0,-89691.0,-89691.0,-89691.0,-89691.0,-89691.0,-89691.0,-89691.0,-89691.0,-89691.0,-89691.0,-89691.0,-89691.0,-89691.0,-89691.0,-89691.0,-89691.0,-89691.0,-89691.0,-89691.0,-89691.0,-89691.0,-89691.0,-89691.0,-89691.0,-89691.0,-89691.0,-89691.0,-89691.0,-89691.0,-89691.0,-89691.0,-89691.0,-89691.0,-89691.0,-89691.0,-89691.0,-89691.0,-89691.0,-89691.0,-89691.0,-89691.0,-89691.0,-89691.0,-89691.0,-89691.0,-89691.0,-89691.0,-89691.0,-89691.0,-89691.0,-89691.0,-89691.0,-89691.0,-89691.0,-89691.0,-89691.0,-89691.0,-89691.0,-89691.0,-89691.0,-89691.0,-89691.0,-89691.0,-89691.0,-89691.0,-89691.0,-89691.0,-89691.0,-89691.0,-89691.0,-89691.0,-89691.0,-89691.0,-89691.0,-89691.0,-89691.0,-89691.0,-89691.0,-89691.0,-89691.0,-89691.0,-89691.0,-89691.0,-89691.0,-89691.0,-89691.0,-89691.0,-89691.0,-89691.0,-89691.0,-89691.0,-89691.0,-89691.0,-89691.0,-89691.0,-89691.0,-89691.0,-89691.0,-89691.0,-89691.0,-89691.0,-89691.0,-89691.0,-89691.0,-89691.0,-89691.0,-89691.0,-89691.0,-89691.0,-89691.0,-89691.0,-89691.0,-89691.0,-89691.0,-89691.0,-89691.0,-89691.0,-89691.0,-89691.0,-89691.0,-89691.0,-89691.0,-89691.0,-89691.0,-89691.0,-89691.0,-89691.0,-89691.0,-89691.0,-89691.0,-89691.0,-89691.0,-89691.0,-89691.0,-89691.0
201:-88866.0,-89691.0,-89691.0,-89691.0,-89691.0,-89691.0,-89691.0,-89691.0,-89691.0,-89691.0,-89691.0,-89691.0,-89691.0,-89691.0,-89691.0,-89691.0,-89691.0,-89691.0,-89691.0,-89691.0,-89691.0,-89691.0,-89691.0,-89691.0,-89691.0,-89691.0,-89691.0,-89691.0,-89691.0,-89691.0,-89691.0,-89691.0,-89691.0,-89691.0,-89691.0,-89691.0,-89691.0,-89691.0,-89691.0,-89691.0,-89691.0,-89691.0,-89691.0,-89691.0,-89691.0,-89691.0,-89691.0,-89691.0,-89691.0,-89691.0,-89691.0,-89691.0,-89691.0,-89691.0,-89691.0,-89691.0,-89691.0,-89691.0,-89691.0,-89691.0,-89691.0,-89691.0,-89691.0,-89691.0,-89691.0,-89691.0,-89691.0,-89691.0,-89691.0,-89691.0,-89691.0,-89691.0,-89691.0,-89691.0,-89691.0,-89691.0,-89691.0,-89691.0,-89691.0,-89691.0,-89691.0,-89691.0,-89691.0,-89691.0,-89691.0,-89691.0,-89691.0,-89691.0,-89691.0,-89691.0,-89691.0,-89691.0,-89691.0,-89691.0,-89691.0,-89691.0,-89691.0,-89691.0,-89691.0,-89691.0,-89691.0,-89691.0,-89691.0,-89691.0,-89691.0,-89691.0,-89691.0,-89691.0,-89691.0,-89691.0,-89691.0,-89691.0,-89691.0,-89691.0,-89691.0,-89691.0,-89691.0,-89691.0,-89691.0,-89691.0,-89691.0,-89691.0,-89691.0,-89691.0,-89691.0,-89691.0,-89691.0,-89691.0,-89691.0,-89691.0,-89691.0,-89691.0,-89691.0,-89691.0,-89691.0,-89691.0,-89691.0,-89691.0,-89691.0,-89691.0,-89691.0,-89691.0,-89691.0,-89691.0,-89691.0,-89691.0,-89691.0,-89691.0,-89691.0,-89691.0,-89691.0,-89691.0,-89691.0,-89691.0,-89691.0,-89691.0,-89691.0,-89691.0,-89691.0,-89691.0,-89691.0,-89691.0,-89691.0,-89691.0,-89691.0,-89691.0,-89691.0,-89691.0,-89691.0,-89691.0,-89691.0,-89691.0,-89691.0,-89691.0,-89691.0,-89691.0,-89691.0,-89691.0,-89691.0,-89691.0,-89691.0,-89691.0,-89691.0,-89691.0,-89691.0,-89691.0,-89691.0,-89691.0,-89691.0,-89691.0,-89691.0,-89691.0,-89691.0,-89691.0,-89691.0,-89691.0,-89691.0,-89691.0,-89691.0,-89691.0,-89691.0
201:-88866.0,-89691.0,-89691.0,-89691.0,-89691.0,-89691.0,-89691.0,-89691.0,-89691.0,-89691.0,-89691.0,-89691.0,-89691.0,-89691.0,-89691.0,-89691.0,-89691.0,-89691.0,-89691.0,-89691.0,-89691.0,-89691.0,-89691.0,-89691.0,-89691.0,-89691.0,-89691.0,-89691.0,-89691.0,-89691.0,-89691.0,-89691.0,-89691.0,-89691.0,-89691.0,-89691.0,-89691.0,-89691.0,-89691.0,-89691.0,-89691.0,-89691.0,-89691.0,-89691.0,-89691.0,-89691.0,-89691.0,-89691.0,-89691.0,-89691.0,-89691.0,-89691.0,-89691.0,-89691.0,-89691.0,-89691.0,-89691.0,-89691.0,-89691.0,-89691.0,-89691.0,-89691.0,-89691.0,-89691.0,-89691.0,-89691.0,-89691.0,-89691.0,-89691.0,-89691.0,-89691.0,-89691.0,-89691.0,-89691.0,-89691.0,-89691.0,-89691.0,-89691.0,-89691.0,-89691.0,-89691.0,-89691.0,-89691.0,-89691.0,-89691.0,-89691.0,-89691.0,-89691.0,-89691.0,-89691.0,-89691.0,-89691.0,-89691.0,-89691.0,-89691.0,-89691.0,-89691.0,-89691.0,-89691.0,-89691.0,-89691.0,-89691.0,-89691.0,-89691.0,-89691.0,-89691.0,-89691.0,-89691.0,-89691.0,-89691.0,-89691.0,-89691.0,-89691.0,-89691.0,-89691.0,-89691.0,-89691.0,-89691.0,-89691.0,-89691.0,-89691.0,-89691.0,-89691.0,-89691.0,-89691.0,-89691.0,-89691.0,-89691.0,-89691.0,-89691.0,-89691.0,-89691.0,-89691.0,-89691.0,-89691.0,-89691.0,-89691.0,-89691.0,-89691.0,-89691.0,-89691.0,-89691.0,-89691.0,-89691.0,-89691.0,-89691.0,-89691.0,-89691.0,-89691.0,-89691.0,-89691.0,-89691.0,-89691.0,-89691.0,-89691.0,-89691.0,-89691.0,-89691.0,-89691.0,-89691.0,-89691.0,-89691.0,-89691.0,-89691.0,-89691.0,-89691.0,-89691.0,-89691.0,-89691.0,-89691.0,-89691.0,-89691.0,-89691.0,-89691.0,-89691.0,-89691.0,-89691.0,-89691.0,-89691.0,-89691.0,-89691.0,-89691.0,-89691.0,-89691.0,-89691.0,-89691.0,-89691.0,-89691.0,-89691.0,-89691.0,-89691.0,-89691.0,-89691.0,-89691.0,-89691.0,-89691.0,-89691.0,-89691.0,-89691.0,-89691.0,-89691.0
201:-88866.0,-89691.0,-89691.0,-89691.0,-89691.0,-89691.0,-89691.0,-89691.0,-89691.0,-89691.0,-89691.0,-89691.0,-89691.0,-89691.0,-89691.0,-89691.0,-89691.0,-89691.0,-89691.0,-89691.0,-89691.0,-89691.0,-89691.0,-89691.0,-89691.0,-89691.0,-89691.0,-89691.0,-89691.0,-89691.0,-89691.0,-89691.0,-89691.0,-89691.0,-89691.0,-89691.0,-89691.0,-89691.0,-89691.0,-89691.0,-89691.0,-89691.0,-89691.0,-89691.0,-89691.0,-89691.0,-89691.0,-89691.0,-89691.0,-89691.0,-89691.0,-89691.0,-89691.0,-89691.0,-89691.0,-89691.0,-89691.0,-89691.0,-89691.0,-89691.0,-89691.0,-89691.0,-89691.0,-89691.0,-89691.0,-89691.0,-89691.0,-89691.0,-89691.0,-89691.0,-89691.0,-89691.0,-89691.0,-89691.0,-89691.0,-89691.0,-89691.0,-89691.0,-89691.0,-89691.0,-89691.0,-89691.0,-89691.0,-89691.0,-89691.0,-89691.0,-89691.0,-89691.0,-89691.0,-89691.0,-89691.0,-89691.0,-89691.0,-89691.0,-89691.0,-89691.0,-89691.0,-89691.0,-89691.0,-89691.0,-89691.0,-89691.0,-89691.0,-89691.0,-89691.0,-89691.0,-89691.0,-89691.0,-89691.0,-89691.0,-89691.0,-89691.0,-89691.0,-89691.0,-89691.0,-89691.0,-89691.0,-89691.0,-89691.0,-89691.0,-89691.0,-89691.0,-89691.0,-89691.0,-89691.0,-89691.0,-89691.0,-89691.0,-89691.0,-89691.0,-89691.0,-89691.0,-89691.0,-89691.0,-89691.0,-89691.0,-89691.0,-89691.0,-89691.0,-89691.0,-89691.0,-89691.0,-89691.0,-89691.0,-89691.0,-89691.0,-89691.0,-89691.0,-89691.0,-89691.0,-89691.0,-89691.0,-89691.0,-89691.0,-89691.0,-89691.0,-89691.0,-89691.0,-89691.0,-89691.0,-89691.0,-89691.0,-89691.0,-89691.0,-89691.0,-89691.0,-89691.0,-89691.0,-89691.0,-89691.0,-89691.0,-89691.0,-89691.0,-89691.0,-89691.0,-89691.0,-89691.0,-89691.0,-89691.0,-89691.0,-89691.0,-89691.0,-89691.0,-89691.0,-89691.0,-89691.0,-89691.0,-89691.0,-89691.0,-89691.0,-89691.0,-89691.0,-89691.0,-89691.0,-89691.0,-89691.0,-89691.0,-89691.0,-89691.0,-89691.0,-89691.0
201:-88866.0,-89691.0,-89691.0,-89691.0,-89691.0,-89691.0,-89691.0,-89691.0,-89691.0,-89691.0,-89691.0,-89691.0,-89691.0,-89691.0,-89691.0,-89691.0,-89691.0,-89691.0,-89691.0,-89691.0,-89691.0,-89691.0,-89691.0,-89691.0,-89691.0,-89691.0,-89691.0,-89691.0,-89691.0,-89691.0,-89691.0,-89691.0,-89691.0,-89691.0,-89691.0,-89691.0,-89691.0,-89691.0,-89691.0,-89691.0,-89691.0,-89691.0,-89691.0,-89691.0,-89691.0,-89691.0,-89691.0,-89691.0,-89691.0,-89691.0,-89691.0,-89691.0,-89691.0,-89691.0,-89691.0,-89691.0,-89691.0,-89691.0,-89691.0,-89691.0,-89691.0,-89691.0,-89691.0,-89691.0,-89691.0,-89691.0,-89691.0,-89691.0,-89691.0,-89691.0,-89691.0,-89691.0,-89691.0,-89691.0,-89691.0,-89691.0,-89691.0,-89691.0,-89691.0,-89691.0,-89691.0,-89691.0,-89691.0,-89691.0,-89691.0,-89691.0,-89691.0,-89691.0,-89691.0,-89691.0,-89691.0,-89691.0,-89691.0,-89691.0,-89691.0,-89691.0,-89691.0,-89691.0,-89691.0,-89691.0,-89691.0,-89691.0,-89691.0,-89691.0,-89691.0,-89691.0,-89691.0,-89691.0,-89691.0,-89691.0,-89691.0,-89691.0,-89691.0,-89691.0,-89691.0,-89691.0,-89691.0,-89691.0,-89691.0,-89691.0,-89691.0,-89691.0,-89691.0,-89691.0,-89691.0,-89691.0,-89691.0,-89691.0,-89691.0,-89691.0,-89691.0,-89691.0,-89691.0,-89691.0,-89691.0,-89691.0,-89691.0,-89691.0,-89691.0,-89691.0,-89691.0,-89691.0,-89691.0,-89691.0,-89691.0,-89691.0,-89691.0,-89691.0,-89691.0,-89691.0,-89691.0,-89691.0,-89691.0,-89691.0,-89691.0,-89691.0,-89691.0,-89691.0,-89691.0,-89691.0,-89691.0,-89691.0,-89691.0,-89691.0,-89691.0,-89691.0,-89691.0,-89691.0,-89691.0,-89691.0,-89691.0,-89691.0,-89691.0,-89691.0,-89691.0,-89691.0,-89691.0,-89691.0,-89691.0,-89691.0,-89691.0,-89691.0,-89691.0,-89691.0,-89691.0,-89691.0,-89691.0,-89691.0,-89691.0,-89691.0,-89691.0,-89691.0,-89691.0,-89691.0,-89691.0,-89691.0,-89691.0,-89691.0,-89691.0,-89691.0,-89691.0
201:-88866.0,-101741.0,-101741.0,-102566.0,-102566.0,-102566.0,-102566.0,-102566.0,-102566.0,-102566.0,-102566.0,-102566.0,-102566.0,-102566.0,-102566.0,-102566.0,-102566.0,-102566.0,-102566.0,-102566.0,-102566.0,-102566.0,-102566.0,-102566.0,-102566.0,-102566.0,-102566.0,-102566.0,-102566.0,-102566.0,-102566.0,-102566.0,-102566.0,-102566.0,-102566.0,-102566.0,-102566.0,-102566.0,-102566.0,-102566.0,-102566.0,-102566.0,-102566.0,-102566.0,-102566.0,-102566.0,-102566.0,-102566.0,-102566.0,-102566.0,-102566.0,-102566.0,-102566.0,-102566.0,-102566.0,-102566.0,-102566.0,-102566.0,-102566.0,-102566.0,-102566.0,-102566.0,-102566.0,-102566.0,-102566.0,-102566.0,-102566.0,-102566.0,-102566.0,-102566.0,-102566.0,-102566.0,-102566.0,-102566.0,-102566.0,-102566.0,-102566.0,-102566.0,-102566.0,-102566.0,-102566.0,-102566.0,-102566.0,-102566.0,-102566.0,-102566.0,-102566.0,-102566.0,-102566.0,-102566.0,-102566.0,-102566.0,-102566.0,-102566.0,-102566.0,-102566.0,-102566.0,-102566.0,-102566.0,-102566.0,-102566.0,-102566.0,-102566.0,-102566.0,-102566.0,-102566.0,-102566.0,-102566.0,-102566.0,-102566.0,-102566.0,-102566.0,-102566.0,-102566.0,-102566.0,-102566.0,-102566.0,-102566.0,-102566.0,-102566.0,-102566.0,-102566.0,-102566.0,-102566.0,-102566.0,-102566.0,-102566.0,-102566.0,-102566.0,-102566.0,-102566.0,-102566.0,-102566.0,-102566.0,-102566.0,-102566.0,-102566.0,-102566.0,-102566.0,-102566.0,-102566.0,-102566.0,-102566.0,-102566.0,-102566.0,-102566.0,-102566.0,-102566.0,-102566.0,-102566.0,-102566.0,-102566.0,-102566.0,-102566.0,-102566.0,-102566.0,-102566.0,-102566.0,-102566.0,-102566.0,-102566.0,-102566.0,-102566.0,-102566.0,-102566.0,-102566.0,-102566.0,-102566.0,-102566.0,-102566.0,-102566.0,-102566.0,-102566.0,-102566.0,-102566.0,-102566.0,-102566.0,-102566.0,-102566.0,-102566.0,-102566.0,-102566.0,-102566.0,-102566.0,-102566.0,-102566.0,-102566.0,-102566.0,-102566.0,-102566.0,-102566.0,-102566.0,-102566.0,-102566.0,-102566.0,-102566.0,-102566.0,-102566.0,-102566.0,-102566.0,-102566.0
201:-88866.0,-124616.0,-124616.0,-124616.0,-124616.0,-124616.0,-124616.0,-124616.0,-124616.0,-124616.0,-125441.0,-125441.0,-125441.0,-125441.0,-125441.0,-125441.0,-125441.0,-125441.0,-125441.0,-125441.0,-125441.0,-125441.0,-125441.0,-125441.0,-125441.0,-125441.0,-125441.0,-125441.0,-125441.0,-125441.0,-125441.0,-125441.0,-125441.0,-125441.0,-125441.0,-125441.0,-125441.0,-125441.0,-125441.0,-125441.0,-125441.0,-125441.0,-125441.0,-125441.0,-125441.0,-125441.0,-125441.0,-125441.0,-125441.0,-125441.0,-125441.0,-125441.0,-125441.0,-125441.0,-125441.0,-125441.0,-125441.0,-125441.0,-125441.0,-125441.0,-125441.0,-125441.0,-125441.0,-125441.0,-125441.0,-125441.0,-125441.0,-125441.0,-125441.0,-125441.0,-125441.0,-125441.0,-125441.0,-125441.0,-125441.0,-125441.0,-125441.0,-125441.0,-125441.0,-125441.0,-125441.0,-125441.0,-125441.0,-125441.0,-125441.0,-125441.0,-125441.0,-125441.0,-125441.0,-125441.0,-125441.0,-125441.0,-125441.0,-125441.0,-125441.0,-125441.0,-125441.0,-125441.0,-125441.0,-125441.0,-125441.0,-125441.0,-125441.0,-125441.0,-125441.0,-125441.0,-125441.0,-125441.0,-125441.0,-125441.0,-125441.0,-125441.0,-125441.0,-125441.0,-125441.0,-125441.0,-125441.0,-125441.0,-125441.0,-125441.0,-125441.0,-125441.0,-125441.0,-125441.0,-125441.0,-125441.0,-125441.0,-125441.0,-125441.0,-125441.0,-125441.0,-125441.0,-125441.0,-125441.0,-125441.0,-125441.0,-125441.0,-125441.0,-125441.0,-125441.0,-125441.0,-125441.0,-125441.0,-125441.0,-125441.0,-125441.0,-125441.0,-125441.0,-125441.0,-125441.0,-125441.0,-125441.0,-125441.0,-125441.0,-125441.0,-125441.0,-125441.0,-125441.0,-125441.0,-125441.0,-125441.0,-125441.0,-125441.0,-125441.0,-125441.0,-125441.0,-125441.0,-125441.0,-125441.0,-125441.0,-125441.0,-125441.0,-125441.0,-125441.0,-125441.0,-125441.0,-125441.0,-125441.0,-125441.0,-125441.0,-125441.0,-125441.0,-125441.0,-125441.0,-125441.0,-125441.0,-125441.0,-125441.0,-125441.0,-125441.0,-125441.0,-125441.0,-125441.0,-125441.0,-125441.0,-125441.0,-125441.0,-125441.0,-125441.0,-125441.0,-125441.0
201:-98726.0,-98921.0,-102066.0,-102066.0,-117941.0,-117941.0,-117941.0,-117941.0,-117941.0,-117941.0,-117941.0,-117941.0,-117941.0,-117941.0,-117941.0,-117941.0,-117941.0,-117941.0,-117941.0,-117941.0,-117941.0,-117941.0,-117941.0,-117941.0,-117941.0,-117941.0,-117941.0,-117941.0,-117941.0,-117941.0,-117941.0,-117941.0,-117941.0,-117941.0,-117941.0,-117941.0,-117941.0,-117941.0,-117941.0,-117941.0,-117941.0,-117941.0,-117941.0,-117941.0,-117941.0,-117941.0,-117941.0,-117941.0,-117941.0,-117941.0,-117941.0,-117941.0,-117941.0,-117941.0,-117941.0,-117941.0,-117941.0,-117941.0,-117941.0,-117941.0,-117941.0,-117941.0,-117941.0,-117941.0,-117941.0,-117941.0,-117941.0,-117941.0,-117941.0,-117941.0,-117941.0,-117941.0,-117941.0,-117941.0,-117941.0,-117941.0,-117941.0,-117941.0,-117941.0,-117941.0,-117941.0,-117941.0,-117941.0,-117941.0,-117941.0,-117941.0,-117941.0,-117941.0,-117941.0,-117941.0,-117941.0,-117941.0,-117941.0,-117941.0,-117941.0,-117941.0,-117941.0,-117941.0,-117941.0,-117941.0,-117941.0,-117941.0,-117941.0,-117941.0,-117941.0,-117941.0,-117941.0,-117941.0,-117941.0,-117941.0,-117941.0,-117941.0,-117941.0,-117941.0,-117941.0,-117941.0,-117941.0,-117941.0,-117941.0,-117941.0,-117941.0,-117941.0,-117941.0,-117941.0,-117941.0,-117941.0,-117941.0,-117941.0,-117941.0,-117941.0,-117941.0,-117941.0,-117941.0,-117941.0,-117941.0,-117941.0,-117941.0,-117941.0,-117941.0,-117941.0,-117941.0,-117941.0,-117941.0,-117941.0,-117941.0,-117941.0,-117941.0,-117941.0,-117941.0,-117941.0,-117941.0,-117941.0,-117941.0,-117941.0,-117941.0,-117941.0,-117941.0,-117941.0,-117941.0,-117941.0,-117941.0,-117941.0,-117941.0,-117941.0,-117941.0,-117941.0,-117941.0,-117941.0,-117941.0,-117941.0,-117941.0,-117941.0,-117941.0,-117941.0,-117941.0,-117941.0,-117941.0,-117941.0,-117941.0,-117941.0,-117941.0,-117941.0,-117941.0,-117941.0,-117941.0,-117941.0,-117941.0,-117941.0,-117941.0,-117941.0,-117941.0,-117941.0,-117941.0,-117941.0,-117941.0,-117941.0,-117941.0,-117941.0,-117941.0,-117941.0,-117941.0
201:-97374.0,-97569.0,-112941.0,-112941.0,-112941.0,-112941.0,-112941.0,-112941.0,-112941.0,-112941.0,-112941.0,-112941.0,-112941.0,-112941.0,-112941.0,-112941.0,-112941.0,-112941.0,-112941.0,-112941.0,-112941.0,-112941.0,-112941.0,-112941.0,-112941.0,-112941.0,-112941.0,-112941.0,-112941.0,-112941.0,-112941.0,-112941.0,-112941.0,-112941.0,-112941.0,-112941.0,-112941.0,-112941.0,-112941.0,-112941.0,-112941.0,-112941.0,-112941.0,-112941.0,-112941.0,-112941.0,-112941.0,-112941.0,-112941.0,-112941.0,-112941.0,-112941.0,-112941.0,-112941.0,-112941.0,-112941.0,-112941.0,-112941.0,-112941.0,-112941.0,-112941.0,-112941.0,-112941.0,-112941.0,-112941.0,-112941.0,-112941.0,-112941.0,-112941.0,-112941.0,-112941.0,-112941.0,-112941.0,-112941.0,-112941.0,-112941.0,-112941.0,-112941.0,-112941.0,-112941.0,-112941.0,-112941.0,-112941.0,-112941.0,-112941.0,-112941.0,-112941.0,-112941.0,-112941.0,-112941.0,-112941.0,-112941.0,-112941.0,-112941.0,-112941.0,-112941.0,-112941.0,-112941.0,-112941.0,-112941.0,-112941.0,-112941.0,-112941.0,-112941.0,-112941.0,-112941.0,-112941.0,-112941.0,-112941.0,-112941.0,-112941.0,-112941.0,-112941.0,-112941.0,-112941.0,-112941.0,-112941.0,-112941.0,-112941.0,-112941.0,-112941.0,-112941.0,-112941.0,-112941.0,-112941.0,-112941.0,-112941.0,-112941.0,-112941.0,-112941.0,-112941.0,-112941.0,-112941.0,-112941.0,-112941.0,-112941.0,-112941.0,-112941.0,-112941.0,-112941.0,-112941.0,-112941.0,-112941.0,-112941.0,-112941.0,-112941.0,-112941.0,-112941.0,-112941.0,-112941.0,-112941.0,-112941.0,-112941.0,-112941.0,-112941.0,-112941.0,-112941.0,-112941.0,-112941.0,-112941.0,-112941.0,-112941.0,-112941.0,-112941.0,-112941.0,-112941.0,-112941.0,-112941.0,-112941.0,-112941.0,-112941.0,-112941.0,-112941.0,-112941.0,-112941.0,-112941.0,-112941.0,-112941.0,-112941.0,-112941.0,-112941.0,-112941.0,-112941.0,-112941.0,-112941.0,-112941.0,-112941.0,-112941.0,-112941.0,-112941.0,-112941.0,-112941.0,-112941.0,-112941.0,-112941.0,-112941.0,-112941.0,-112941.0,-112941.0,-112941.0,-112941.0
201:-95346.0,-95541.0,-105441.0,-105441.0,-105441.0,-105441.0,-105441.0,-105441.0,-105441.0,-105441.0,-105441.0,-105441.0,-105441.0,-105441.0,-105441.0,-105441.0,-105441.0,-105441.0,-105441.0,-105441.0,-105441.0,-105441.0,-105441.0,-105441.0,-105441.0,-105441.0,-105441.0,-105441.0,-105441.0,-105441.0,-105441.0,-105441.0,-105441.0,-105441.0,-105441.0,-105441.0,-105441.0,-105441.0,-105441.0,-105441.0,-105441.0,-105441.0,-105441.0,-105441.0,-105441.0,-105441.0,-105441.0,-105441.0,-105441.0,-105441.0,-105441.0,-105441.0,-105441.0,-105441.0,-105441.0,-105441.0,-105441.0,-105441.0,-105441.0,-105441.0,-105441.0,-105441.0,-105441.0,-105441.0,-105441.0,-105441.0,-105441.0,-105441.0,-105441.0,-105441.0,-105441.0,-105441.0,-105441.0,-105441.0,-105441.0,-105441.0,-105441.0,-105441.0,-105441.0,-105441.0,-105441.0,-105441.0,-105441.0,-105441.0,-105441.0,-105441.0,-105441.0,-105441.0,-105441.0,-105441.0,-105441.0,-105441.0,-105441.0,-105441.0,-105441.0,-105441.0,-105441.0,-105441.0,-105441.0,-105441.0,-105441.0,-105441.0,-105441.0,-105441.0,-105441.0,-105441.0,-105441.0,-105441.0,-105441.0,-105441.0,-105441.0,-105441.0,-105441.0,-105441.0,-105441.0,-105441.0,-105441.0,-105441.0,-105441.0,-105441.0,-105441.0,-105441.0,-105441.0,-105441.0,-105441.0,-105441.0,-105441.0,-105441.0,-105441.0,-105441.0,-105441.0,-105441.0,-105441.0,-105441.0,-105441.0,-105441.0,-105441.0,-105441.0,-105441.0,-105441.0,-105441.0,-105441.0,-105441.0,-105441.0,-105441.0,-105441.0,-105441.0,-105441.0,-105441.0,-105441.0,-105441.0,-105441.0,-105441.0,-105441.0,-105441.0,-105441.0,-105441.0,-105441.0,-105441.0,-105441.0,-105441.0,-105441.0,-105441.0,-105441.0,-105441.0,-105441.0,-105441.0,-105441.0,-105441.0,-105441.0,-105441.0,-105441.0,-105441.0,-105441.0,-105441.0,-105441.0,-105441.0,-105441.0,-105441.0,-105441.0,-105441.0,-105441.0,-105441.0,-105441.0,-105441.0,-105441.0,-105441.0,-105441.0,-105441.0,-105441.0,-105441.0,-105441.0,-105441.0,-105441.0,-105441.0,-105441.0,-105441.0,-105441.0,-105441.0,-105441.0,-105441.0
251:-90306.0,-92664.0,-97566.0,-97566.0,-97566.0,-97566.0,-97566.0,-97566.0,-97566.0,-97566.0,-97566.0,-97566.0,-97566.0,-97566.0,-97566.0,-97566.0,-97566.0,-97566.0,-97566.0,-97566.0,-97566.0,-97566.0,-97566.0,-97566.0,-97566.0,-97566.0,-97566.0,-97566.0,-97566.0,-97566.0,-97566.0,-97566.0,-97566.0,-97566.0,-97566.0,-97566.0,-97566.0,-97566.0,-97566.0,-97566.0,-97566.0,-97566.0,-97566.0,-97566.0,-97566.0,-97566.0,-97566.0,-97566.0,-97566.0,-97566.0,-97566.0,-97566.0,-97566.0,-97566.0,-97566.0,-97566.0,-97566.0,-97566.0,-97566.0,-97566.0,-97566.0,-97566.0,-97566.0,-97566.0,-97566.0,-97566.0,-97566.0,-97566.0,-97566.0,-97566.0,-97566.0,-97566.0,-97566.0,-97566.0,-97566.0,-97566.0,-97566.0,-97566.0,-97566.0,-97566.0,-97566.0,-97566.0,-97566.0,-97566.0,-97566.0,-97566.0,-97566.0,-97566.0,-97566.0,-97566.0,-97566.0,-97566.0,-97566.0,-97566.0,-97566.0,-97566.0,-97566.0,-97566.0,-97566.0,-97566.0,-97566.0,-97566.0,-97566.0,-97566.0,-97566.0,-97566.0,-97566.0,-97566.0,-97566.0,-97566.0,-97566.0,-97566.0,-97566.0,-97566.0,-97566.0,-97566.0,-97566.0,-97566.0,-97566.0,-97566.0,-97566.0,-97566.0,-97566.0,-97566.0,-97566.0,-97566.0,-97566.0,-97566.0,-97566.0,-97566.0,-97566.0,-97566.0,-97566.0,-97566.0,-97566.0,-97566.0,-97566.0,-97566.0,-97566.0,-97566.0,-97566.0,-97566.0,-97566.0,-97566.0,-97566.0,-97566.0,-97566.0,-97566.0,-97566.0,-97566.0,-97566.0,-97566.0,-97566.0,-97566.0,-97566.0,-97566.0,-97566.0,-97566.0,-97566.0,-97566.0,-97566.0,-97566.0,-97566.0,-97566.0,-97566.0,-97566.0,-97566.0,-97566.0,-97566.0,-97566.0,-97566.0,-97566.0,-97566.0,-97566.0,-97566.0,-97566.0,-97566.0,-97566.0,-97566.0,-97566.0,-97566.0,-97566.0,-97566.0,-97566.0,-97566.0,-97566.0,-97566.0,-97566.0,-97566.0,-97566.0,-97566.0,-97566.0,-97566.0,-97566.0,-97566.0,-97566.0,-97566.0,-97566.0,-97566.0,-97566.0,-97566.0,-97566.0,-97566.0,-97566.0,-97566.0,-97566.0,-97566.0,-97566.0,-97566.0,-97566.0,-97566.0,-97566.0,-97566.0,-97566.0,-97566.0,-97566.0,-97566.0,-97566.0,-97566.0,-97566.0,-97566.0,-97566.0,-97566.0,-97566.0,-97566.0,-97566.0,-97566.0,-97566.0,-97566.0,-97566.0,-97566.0,-97566.0,-97566.0,-97566.0,-97566.0,-97566.0,-97566.0,-97566.0,-97566.0,-97566.0,-97566.0,-97566.0,-97566.0,-97566.0,-97566.0,-97566.0,-97566.0,-97566.0,-97566.0,-97566.0,-97566.0
251:-88866.0,-89691.0,-89691.0,-89691.0,-89691.0,-89691.0,-89691.0,-89691.0,-89691.0,-89691.0,-89691.0,-89691.0,-89691.0,-89691.0,-89691.0,-89691.0,-89691.0,-89691.0,-89691.0,-89691.0,-89691.0,-89691.0,-89691.0,-89691.0,-89691.0,-89691.0,-89691.0,-89691.0,-89691.0,-89691.0,-89691.0,-89691.0,-89691.0,-89691.0,-89691.0,-89691.0,-89691.0,-89691.0,-89691.0,-89691.0,-89691.0,-89691.0,-89691.0,-89691.0,-89691.0,-89691.0,-89691.0,-89691.0,-89691.0,-89691.0,-89691.0,-89691.0,-89691.0,-89691.0,-89691.0,-89691.0,-89691.0,-89691.0,-89691.0,-89691.0,-89691.0,-89691.0,-89691.0,-89691.0,-89691.0,-89691.0,-89691.0,-89691.0,-89691.0,-89691.0,-89691.0,-89691.0,-89691.0,-89691.0,-89691.0,-89691.0,-89691.0,-89691.0,-89691.0,-89691.0,-89691.0,-89691.0,-89691.0,-89691.0,-89691.0,-89691.0,-89691.0,-89691.0,-89691.0,-89691.0,-89691.0,-89691.0,-89691.0,-89691.0,-89691.0,-89691.0,-89691.0,-89691.0,-89691.0,-89691.0,-89691.0,-89691.0,-89691.0,-89691.0,-89691.0,-89691.0,-89691.0,-89691.0,-89691.0,-89691.0,-89691.0,-89691.0,-89691.0,-89691.0,-89691.0,-89691.0,-89691.0,-89691.0,-89691.0,-89691.0,-89691.0,-89691.0,-89691.0,-89691.0,-89691.0,-89691.0,-89691.0,-89691.0,-89691.0,-89691.0,-89691.0,-89691.0,-89691.0,-89691.0,-89691.0,-89691.0,-89691.0,-89691.0,-89691.0,-89691.0,-89691.0,-89691.0,-89691.0,-89691.0,-89691.0,-89691.0,-89691.0,-89691.0,-89691.0,-89691.0,-89691.0,-89691.0,-89691.0,-89691.0,-89691.0,-89691.0,-89691.0,-89691.0,-89691.0,-89691.0,-89691.0,-89691.0,-89691.0,-89691.0,-89691.0,-89691.0,-89691.0,-89691.0,-89691.0,-89691.0,-89691.0,-89691.0,-89691.0,-89691.0,-89691.0,-89691.0,-89691.0,-89691.0,-89691.0,-89691.0,-89691.0,-89691.0,-89691.0,-89691.0,-89691.0,-89691.0,-89691.0,-89691.0,-89691.0,-89691.0,-89691.0,-89691.0,-89691.0,-89691.0,-89691.0,-89691.0,-89691.0,-89691.0,-89691.0,-89691.0,-89691.0,-89691.0,-89691.0,-89691.0,-89691.0,-89691.0,-89691.0,-89691.0,-89691.0,-89691.0,-89691.0,-89691.0,-89691.0,-89691.0,-89691.0,-89691.0,-89691.0,-89691.0,-89691.0,-89691.0,-89691.0,-89691.0,-89691.0,-89691.0,-89691.0,-89691.0,-89691.0,-89691.0,-89691.0,-89691.0,-89691.0,-89691.0,-89691.0,-89691.0,-89691.0,-89691.0,-89691.0,-89691.0,-89691.0,-89691.0,-89691.0,-89691.0,-89691.0,-89691.0,-89691.0,-89691.0,-89691.0,-89691.0,-89691.0,-89691.0,-89691.0
251:-88866.0,-89691.0,-89691.0,-89691.0,-89691.0,-89691.0,-89691.0,-89691.0,-89691.0,-89691.0,-89691.0,-89691.0,-89691.0,-89691.0,-89691.0,-89691.0,-89691.0,-89691.0,-89691.0,-89691.0,-89691.0,-89691.0,-89691.0,-89691.0,-89691.0,-89691.0,-89691.0,-89691.0,-89691.0,-89691.0,-89691.0,-89691.0,-89691.0,-89691.0,-89691.0,-89691.0,-89691.0,-89691.0,-89691.0,-89691.0,-89691.0,-89691.0,-89691.0,-89691.0,-89691.0,-89691.0,-89691.0,-89691.0,-89691.0,-89691.0,-89691.0,-89691.0,-89691.0,-89691.0,-89691.0,-89691.0,-89691.0,-89691.0,-89691.0,-89691.0,-89691.0,-89691.0,-89691.0,-89691.0,-89691.0,-89691.0,-89691.0,-89691.0,-89691.0,-89691.0,-89691.0,-89691.0,-89691.0,-89691.0,-89691.0,-89691.0,-89691.0,-89691.0,-89691.0,-89691.0,-89691.0,-89691.0,-89691.0,-89691.0,-89691.0,-89691.0,-89691.0,-89691.0,-89691.0,-89691.0,-89691.0,-89691.0,-89691.0,-89691.0,-89691.0,-89691.0,-89691.0,-89691.0,-89691.0,-89691.0,-89691.0,-89691.0,-89691.0,-89691.0,-89691.0,-89691.0,-89691.0,-89691.0,-89691.0,-89691.0,-89691.0,-89691.0,-89691.0,-89691.0,-89691.0,-89691.0,-89691.0,-89691.0,-89691.0,-89691.0,-89691.0,-89691.0,-89691.0,-89691.0,-89691.0,-89691.0,-89691.0,-89691.0,-89691.0,-89691.0,-89691.0,-89691.0,-89691.0,-89691.0,-89691.0,-89691.0,-89691.0,-89691.0,-89691.0,-89691.0,-89691.0,-89691.0,-89691.0,-89691.0,-89691.0,-89691.0,-89691.0,-89691.0,-89691.0,-89691.0,-89691.0,-89691.0,-89691.0,-89691.0,-89691.0,-89691.0,-89691.0,-89691.0,-89691.0,-89691.0,-89691.0,-89691.0,-89691.0,-89691.0,-89691.0,-89691.0,-89691.0,-89691.0,-89691.0,-89691.0,-89691.0,-89691.0,-89691.0,-89691.0,-89691.0,-89691.0,-89691.0,-89691.0,-89691.0,-89691.0,-89691.0,-89691.0,-89691.0,-89691.0,-89691.0,-89691.0,-89691.0,-89691.0,-89691.0,-89691.0,-89691.0,-89691.0,-89691.0,-89691.0,-89691.0,-89691.0,-89691.0,-89691.0,-89691.0,-89691.0,-89691.0,-89691.0,-89691.0,-89691.0,-89691.0,-89691.0,-89691.0,-89691.0,-89691.0,-89691.0,-89691.0,-89691.0,-89691.0,-89691.0,-89691.0,-89691.0,-89691.0,-89691.0,-89691.0,-89691.0,-89691.0,-89691.0,-89691.0,-89691.0,-89691.0,-89691.0,-89691.0,-89691.0,-89691.0,-89691.0,-89691.0,-89691.0,-89691.0,-89691.0,-89691.0,-89691.0,-89691.0,-89691.0,-89691.0,-89691.0,-89691.0,-89691.0,-89691.0,-89691.0,-89691.0,-89691.0,-89691.0,-89691.0,-89691.0,-89691.0,-89691.0
251:-88866.0,-89691.0,-89691.0,-89691.0,-89691.0,-89691.0,-89691.0,-89691.0,-89691.0,-89691.0,-89691.0,-89691.0,-89691.0,-89691.0,-89691.0,-89691.0,-89691.0,-89691.0,-89691.0,-89691.0,-89691.0,-89691.0,-89691.0,-89691.0,-89691.0,-89691.0,-89691.0,-89691.0,-89691.0,-89691.0,-89691.0,-89691.0,-89691.0,-89691.0,-89691.0,-89691.0,-89691.0,-89691.0,-89691.0,-89691.0,-89691.0,-89691.0,-89691.0,-89691.0,-89691.0,-89691.0,-89691.0,-89691.0,-89691.0,-89691.0,-89691.0,-89691.0,-89691.0,-89691.0,-89691.0,-89691.0,-89691.0,-89691.0,-89691.0,-89691.0,-89691.0,-89691.0,-89691.0,-89691.0,-89691.0,-89691.0,-89691.0,-89691.0,-89691.0,-89691.0,-89691.0,-89691.0,-89691.0,-89691.0,-89691.0,-89691.0,-89691.0,-89691.0,-89691.0,-89691.0,-89691.0,-89691.0,-89691.0,-89691.0,-89691.0,-89691.0,-89691.0,-89691.0,-89691.0,-89691.0,-89691.0,-89691.0,-89691.0,-89691.0,-89691.0,-89691.0,-89691.0,-89691.0,-89691.0,-89691.0,-89691.0,-89691.0,-89691.0,-89691.0,-89691.0,-89691.0,-89691.0,-89691.0,-89691.0,-89691.0,-89691.0,-89691.0,-89691.0,-89691.0,-89691.0,-89691.0,-89691.0,-89691.0,-89691.0,-89691.0,-89691.0,-89691.0,-89691.0,-89691.0,-89691.0,-89691.0,-89691.0,-89691.0,-89691.0,-89691.0,-89691.0,-89691.0,-89691.0,-89691.0,-89691.0,-89691.0,-89691.0,-89691.0,-89691.0,-89691.0,-89691.0,-89691.0,-89691.0,-89691.0,-89691.0,-89691.0,-89691.0,-89691.0,-89691.0,-89691.0,-89691.0,-89691.0,-89691.0,-89691.0,-89691.0,-89691.0,-89691.0,-89691.0,-89691.0,-89691.0,-89691.0,-89691.0,-89691.0,-89691.0,-89691.0,-89691.0,-89691.0,-89691.0,-89691.0,-89691.0,-89691.0,-89691.0,-89691.0,-89691.0,-89691.0,-89691.0,-89691.0,-89691.0,-89691.0,-89691.0,-89691.0,-89691.0,-89691.0,-89691.0,-89691.0,-89691.0,-89691.0,-89691.0,-89691.0,-89691.0,-89691.0,-89691.0,-89691.0,-89691.0,-89691.0,-89691.0,-89691.0,-89691.0,-89691.0,-89691.0,-89691.0,-89691.0,-89691.0,-89691.0,-89691.0,-89691.0,-89691.0,-89691.0,-89691.0,-89691.0,-89691.0,-89691.0,-89691.0,-89691.0,-89691.0,-89691.0,-89691.0,-89691.0,-89691.0,-89691.0,-89691.0,-89691.0,-89691.0,-89691.0,-89691.0,-89691.0,-89691.0,-89691.0,-89691.0,-89691.0,-89691.0,-89691.0,-89691.0,-89691.0,-89691.0,-89691.0,-89691.0,-89691.0,-89691.0,-89691.0,-89691.0,-89691.0,-89691.0,-89691.0,-89691.0,-89691.0,-89691.0,-89691.0,-89691.0,-89691.0,-89691.0
251:-88866.0,-89691.0,-89691.0,-89691.0,-89691.0,-89691.0,-89691.0,-89691.0,-89691.0,-89691.0,-89691.0,-89691.0,-89691.0,-89691.0,-89691.0,-89691.0,-89691.0,-89691.0,-89691.0,-89691.0,-89691.0,-89691.0,-89691.0,-89691.0,-89691.0,-89691.0,-89691.0,-89691.0,-89691.0,-89691.0,-89691.0,-89691.0,-89691.0,-89691.0,-89691.0,-89691.0,-89691.0,-89691.0,-89691.0,-89691.0,-89691.0,-89691.0,-89691.0,-89691.0,-89691.0,-89691.0,-89691.0,-89691.0,-89691.0,-89691.0,-89691.0,-89691.0,-89691.0,-89691.0,-89691.0,-89691.0,-89691.0,-89691.0,-89691.0,-89691.0,-89691.0,-89691.0,-89691.0,-89691.0,-89691.0,-89691.0,-89691.0,-89691.0,-89691.0,-89691.0,-89691.0,-89691.0,-89691.0,-89691.0,-89691.0,-89691.0,-89691.0,-89691.0,-89691.0,-89691.0,-89691.0,-89691.0,-89691.0,-89691.0,-89691.0,-89691.0,-89691.0,-89691.0,-89691.0,-89691.0,-89691.0,-89691.0,-89691.0,-89691.0,-89691.0,-89691.0,-89691.0,-89691.0,-89691.0,-89691.0,-89691.0,-89691.0,-89691.0,-89691.0,-89691.0,-89691.0,-89691.0,-89691.0,-89691.0,-89691.0,-89691.0,-89691.0,-89691.0,-89691.0,-89691.0,-89691.0,-89691.0,-89691.0,-89691.0,-89691.0,-89691.0,-89691.0,-89691.0,-89691.0,-89691.0,-89691.0,-89691.0,-89691.0,-89691.0,-89691.0,-89691.0,-89691.0,-89691.0,-89691.0,-89691.0,-89691.0,-89691.0,-89691.0,-89691.0,-89691.0,-89691.0,-89691.0,-89691.0,-89691.0,-89691.0,-89691.0,-89691.0,-89691.0,-89691.0,-89691.0,-89691.0,-89691.0,-89691.0,-89691.0,-89691.0,-89691.0,-89691.0,-89691.0,-89691.0,-89691.0,-89691.0,-89691.0,-89691.0,-89691.0,-89691.0,-89691.0,-89691.0,-89691.0,-89691.0,-89691.0,-89691.0,-89691.0,-89691.0,-89691.0,-89691.0,-89691.0,-89691.0,-89691.0,-89691.0,-89691.0,-89691.0,-89691.0,-89691.0,-89691.0,-89691.0,-89691.0,-89691.0,-89691.0,-89691.0,-89691.0,-89691.0,-89691.0,-89691.0,-89691.0,-89691.0,-89691.0,-89691.0,-89691.0,-89691.0,-89691.0,-89691.0,-89691.0,-89691.0,-89691.0,-89691.0,-89691.0,-89691.0,-89691.0,-89691.0,-89691.0,-89691.0,-89691.0,-89691.0,-89691.0,-89691.0,-89691.0,-89691.0,-89691.0,-89691.0,-89691.0,-89691.0,-89691.0,-89691.0,-89691.0,-89691.0,-89691.0,-89691.0,-89691.0,-89691.0,-89691.0,-89691.0,-89691.0,-89691.0,-89691.0,-89691.0,-89691.0,-89691.0,-89691.0,-89691.0,-89691.0,-89691.0,-89691.0,-89691.0,-89691.0,-89691.0,-89691.0,-89691.0,-89691.0,-89691.0,-89691.0,-89691.0
251:-88866.0,-89691.0,-89691.0,-89691.0,-89691.0,-89691.0,-89691.0,-89691.0,-89691.0,-89691.0,-89691.0,-89691.0,-89691.0,-89691.0,-89691.0,-89691.0,-89691.0,-89691.0,-89691.0,-89691.0,-89691.0,-89691.0,-89691.0,-89691.0,-89691.0,-89691.0,-89691.0,-89691.0,-89691.0,-89691.0,-89691.0,-89691.0,-89691.0,-89691.0,-89691.0,-89691.0,-89691.0,-89691.0,-89691.0,-89691.0,-89691.0,-89691.0,-89691.0,-89691.0,-89691.0,-89691.0,-89691.0,-89691.0,-89691.0,-89691.0,-89691.0,-89691.0,-89691.0,-89691.0,-89691.0,-89691.0,-89691.0,-89691.0,-89691.0,-89691.0,-89691.0,-89691.0,-89691.0,-89691.0,-89691.0,-89691.0,-89691.0,-89691.0,-89691.0,-89691.0,-89691.0,-89691.0,-89691.0,-89691.0,-89691.0,-89691.0,-89691.0,-89691.0,-89691.0,-89691.0,-89691.0,-89691.0,-89691.0,-89691.0,-89691.0,-89691.0,-89691.0,-89691.0,-89691.0,-89691.0,-89691.0,-89691.0,-89691.0,-89691.0,-89691.0,-89691.0,-89691.0,-89691.0,-89691.0,-89691.0,-89691.0,-89691.0,-89691.0,-89691.0,-89691.0,-89691.0,-89691.0,-89691.0,-89691.0,-89691.0,-89691.0,-89691.0,-89691.0,-89691.0,-89691.0,-89691.0,-89691.0,-89691.0,-89691.0,-89691.0,-89691.0,-89691.0,-89691.0,-89691.0,-89691.0,-89691.0,-89691.0,-89691.0,-89691.0,-89691.0,-89691.0,-89691.0,-89691.0,-89691.0,-89691.0,-89691.0,-89691.0,-89691.0,-89691.0,-89691.0,-89691.0,-89691.0,-89691.0,-89691.0,-89691.0,-89691.0,-89691.0,-89691.0,-89691.0,-89691.0,-89691.0,-89691.0,-89691.0,-89691.0,-89691.0,-89691.0,-89691.0,-89691.0,-89691.0,-89691.0,-89691.0,-89691.0,-89691.0,-89691.0,-89691.0,-89691.0,-89691.0,-89691.0,-89691.0,-89691.0,-89691.0,-89691.0,-89691.0,-89691.0,-89691.0,-89691.0,-89691.0,-89691.0,-89691.0,-89691.0,-89691.0,-89691.0,-89691.0,-89691.0,-89691.0,-89691.0,-89691.0,-89691.0,-89691.0,-89691.0,-89691.0,-89691.0,-89691.0,-89691.0,-89691.0,-89691.0,-89691.0,-89691.0,-89691.0,-89691.0,-89691.0,-89691.0,-89691.0,-89691.0,-89691.0,-89691.0,-89691.0,-89691.0,-89691.0,-89691.0,-89691.0,-89691.0,-89691.0,-89691.0,-89691.0,-89691.0,-89691.0,-89691.0,-89691.0,-89691.0,-89691.0,-89691.0,-89691.0,-89691.0,-89691.0,-89691.0,-89691.0,-89691.0,-89691.0,-89691.0,-89691.0,-89691.0,-89691.0,-89691.0,-89691.0,-89691.0,-89691.0,-89691.0,-89691.0,-89691.0,-89691.0,-89691.0,-89691.0,-89691.0,-89691.0,-89691.0,-89691.0,-89691.0,-89691.0,-89691.0,-89691.0
251:-88866.0,-89691.0,-89691.0,-89691.0,-89691.0,-89691.0,-89691.0,-89691.0,-89691.0,-89691.0,-89691.0,-89691.0,-89691.0,-89691.0,-89691.0,-89691.0,-89691.0,-89691.0,-89691.0,-89691.0,-89691.0,-89691.0,-89691.0,-89691.0,-89691.0,-89691.0,-89691.0,-89691.0,-89691.0,-89691.0,-89691.0,-89691.0,-89691.0,-89691.0,-89691.0,-89691.0,-89691.0,-89691.0,-89691.0,-89691.0,-89691.0,-89691.0,-89691.0,-89691.0,-89691.0,-89691.0,-89691.0,-89691.0,-89691.0,-89691.0,-89691.0,-89691.0,-89691.0,-89691.0,-89691.0,-89691.0,-89691.0,-89691.0,-89691.0,-89691.0,-89691.0,-89691.0,-89691.0,-89691.0,-89691.0,-89691.0,-89691.0,-89691.0,-89691.0,-89691.0,-89691.0,-89691.0,-89691.0,-89691.0,-89691.0,-89691.0,-89691.0,-89691.0,-89691.0,-89691.0,-89691.0,-89691.0,-89691.0,-89691.0,-89691.0,-89691.0,-89691.0,-89691.0,-89691.0,-89691.0,-89691.0,-89691.0,-89691.0,-89691.0,-89691.0,-89691.0,-89691.0,-89691.0,-89691.0,-89691.0,-89691.0,-89691.0,-89691.0,-89691.0,-89691.0,-89691.0,-89691.0,-89691.0,-89691.0,-89691.0,-89691.0,-89691.0,-89691.0,-89691.0,-89691.0,-89691.0,-89691.0,-89691.0,-89691.0,-89691.0,-89691.0,-89691.0,-89691.0,-89691.0,-89691.0,-89691.0,-89691.0,-89691.0,-89691.0,-89691.0,-89691.0,-89691.0,-89691.0,-89691.0,-89691.0,-89691.0,-89691.0,-89691.0,-89691.0,-89691.0,-89691.0,-89691.0,-89691.0,-89691.0,-89691.0,-89691.0,-89691.0,-89691.0,-89691.0,-89691.0,-89691.0,-89691.0,-89691.0,-89691.0,-89691.0,-89691.0,-89691.0,-89691.0,-89691.0,-89691.0,-89691.0,-89691.0,-89691.0,-89691.0,-89691.0,-89691.0,-89691.0,-89691.0,-89691.0,-89691.0,-89691.0,-89691.0,-89691.0,-89691.0,-89691.0,-89691.0,-89691.0,-89691.0,-89691.0,-89691.0,-89691.0,-89691.0,-89691.0,-89691.0,-89691.0,-89691.0,-89691.0,-89691.0,-89691.0,-89691.0,-89691.0,-89691.0,-89691.0,-89691.0,-89691.0,-89691.0,-89691.0,-89691.0,-89691.0,-89691.0,-89691.0,-89691.0,-89691.0,-89691.0,-89691.0,-89691.0,-89691.0,-89691.0,-89691.0,-89691.0,-89691.0,-89691.0,-89691.0,-89691.0,-89691.0,-89691.0,-89691.0,-89691.0,-89691.0,-89691.0,-89691.0,-89691.0,-89691.0,-89691.0,-89691.0,-89691.0,-89691.0,-89691.0,-89691.0,-89691.0,-89691.0,-89691.0,-89691.0,-89691.0,-89691.0,-89691.0,-89691.0,-89691.0,-89691.0,-89691.0,-89691.0,-89691.0,-89691.0,-89691.0,-89691.0,-89691.0,-89691.0,-89691.0,-89691.0,-89691.0,-89691.0
251:-76965.0,-92892.0,-96779.0,-96779.0,-96779.0,-96779.0,-96779.0,-96779.0,-96779.0,-96779.0,-96779.0,-96779.0,-96779.0,-96779.0,-96779.0,-96779.0,-96779.0,-96779.0,-96779.0,-96779.0,-96779.0,-96779.0,-96779.0,-96779.0,-96779.0,-96779.0,-96779.0,-96779.0,-96779.0,-96779.0,-96779.0,-96779.0,-96779.0,-96779.0,-96779.0,-96779.0,-96779.0,-96779.0,-96779.0,-96779.0,-96779.0,-96779.0,-96779.0,-96779.0,-96779.0,-96779.0,-96779.0,-96779.0,-96779.0,-96779.0,-96779.0,-96779.0,-96779.0,-96779.0,-96779.0,-96779.0,-96779.0,-96779.0,-96779.0,-96779.0,-96779.0,-96779.0,-96779.0,-96779.0,-96779.0,-96779.0,-96779.0,-96779.0,-96779.0,-96779.0,-96779.0,-96779.0,-96779.0,-96779.0,-96779.0,-96779.0,-96779.0,-96779.0,-96779.0,-96779.0,-96779.0,-96779.0,-96779.0,-96779.0,-96779.0,-96779.0,-96779.0,-96779.0,-96779.0,-96779.0,-96779.0,-96779.0,-96779.0,-96779.0,-96779.0,-96779.0,-96779.0,-96779.0,-96779.0,-96779.0,-96779.0,-96779.0,-96779.0,-96779.0,-96779.0,-96779.0,-96779.0,-96779.0,-96779.0,-96779.0,-96779.0,-96779.0,-96779.0,-96779.0,-96779.0,-96779.0,-96779.0,-96779.0,-96779.0,-96779.0,-96779.0,-96779.0,-96779.0,-96779.0,-96779.0,-96779.0,-96779.0,-96779.0,-96779.0,-96779.0,-96779.0,-96779.0,-96779.0,-96779.0,-96779.0,-96779.0,-96779.0,-96779.0,-96779.0,-96779.0,-96779.0,-96779.0,-96779.0,-96779.0,-96779.0,-96779.0,-96779.0,-96779.0,-96779.0,-96779.0,-96779.0,-96779.0,-96779.0,-96779.0,-96779.0,-96779.0,-96779.0,-96779.0,-96779.0,-96779.0,-96779.0,-96779.0,-96779.0,-96779.0,-96779.0,-96779.0,-96779.0,-96779.0,-96779.0,-96779.0,-96779.0,-96779.0,-96779.0,-96779.0,-96779.0,-96779.0,-96779.0,-96779.0,-96779.0,-96779.0,-96779.0,-96779.0,-96779.0,-96779.0,-96779.0,-96779.0,-96779.0,-96779.0,-96779.0,-96779.0,-96779.0,-96779.0,-96779.0,-96779.0,-96779.0,-96779.0,-96779.0,-96779.0,-96779.0,-96779.0,-96779.0,-96779.0,-96779.0,-96779.0,-96779.0,-96779.0,-96779.0,-96779.0,-96779.0,-96779.0,-96779.0,-96779.0,-96779.0,-96779.0,-96779.0,-96779.0,-96779.0,-96779.0,-96779.0,-96779.0,-96779.0,-96779.0,-96779.0,-96779.0,-96779.0,-96779.0,-96779.0,-96779.0,-96779.0,-96779.0,-96779.0,-96779.0,-96779.0,-96779.0,-96779.0,-96779.0,-96779.0,-96779.0,-96779.0,-96779.0,-96779.0,-96779.0,-96779.0,-96779.0,-96779.0,-96779.0,-96779.0,-96779.0,-96779.0,-96779.0,-96779.0
251:-88626.0,-94604.0,-94604.0,-108028.0,-108028.0,-108798.0,-108798.0,-108798.0,-108798.0,-108798.0,-108798.0,-108798.0,-108798.0,-108798.0,-108798.0,-108798.0,-108798.0,-108798.0,-108798.0,-108798.0,-108798.0,-108798.0,-108798.0,-108798.0,-108798.0,-108798.0,-108798.0,-108798.0,-108798.0,-108798.0,-108798.0,-108798.0,-108798.0,-108798.0,-108798.0,-108798.0,-108798.0,-108798.0,-108798.0,-108798.0,-108798.0,-108798.0,-108798.0,-108798.0,-108798.0,-108798.0,-108798.0,-108798.0,-108798.0,-108798.0,-108798.0,-108798.0,-108798.0,-108798.0,-108798.0,-108798.0,-108798.0,-108798.0,-108798.0,-108798.0,-108798.0,-108798.0,-108798.0,-108798.0,-108798.0,-108798.0,-108798.0,-108798.0,-108798.0,-108798.0,-108798.0,-108798.0,-108798.0,-108798.0,-108798.0,-108798.0,-108798.0,-108798.0,-108798.0,-108798.0,-108798.0,-108798.0,-108798.0,-108798.0,-108798.0,-108798.0,-108798.0,-108798.0,-108798.0,-108798.0,-108798.0,-108798.0,-108798.0,-108798.0,-108798.0,-108798.0,-108798.0,-108798.0,-108798.0,-108798.0,-108798.0,-108798.0,-108798.0,-108798.0,-108798.0,-108798.0,-108798.0,-108798.0,-108798.0,-108798.0,-108798.0,-108798.0,-108798.0,-108798.0,-108798.0,-108798.0,-108798.0,-108798.0,-108798.0,-108798.0,-108798.0,-108798.0,-108798.0,-108798.0,-108798.0,-108798.0,-108798.0,-108798.0,-108798.0,-108798.0,-108798.0,-108798.0,-108798.0,-108798.0,-108798.0,-108798.0,-108798.0,-108798.0,-108798.0,-108798.0,-108798.0,-108798.0,-108798.0,-108798.0,-108798.0,-108798.0,-108798.0,-108798.0,-108798.0,-108798.0,-108798.0,-108798.0,-108798.0,-108798.0,-108798.0,-108798.0,-108798.0,-108798.0,-108798.0,-108798.0,-108798.0,-108798.0,-108798.0,-108798.0,-108798.0,-108798.0,-108798.0,-108798.0,-108798.0,-108798.0,-108798.0,-108798.0,-108798.0,-108798.0,-108798.0,-108798.0,-108798.0,-108798.0,-108798.0,-108798.0,-108798.0,-108798.0,-108798.0,-108798.0,-108798.0,-108798.0,-108798.0,-108798.0,-108798.0,-108798.0,-108798.0,-108798.0,-108798.0,-108798.0,-108798.0,-108798.0,-108798.0,-108798.0,-108798.0,-108798.0,-108798.0,-108798.0,-108798.0,-108798.0,-108798.0,-108798.0,-108798.0,-108798.0,-108798.0,-108798.0,-108798.0,-108798.0,-108798.0,-108798.0,-108798.0,-108798.0,-108798.0,-108798.0,-108798.0,-108798.0,-108798.0,-108798.0,-108798.0,-108798.0,-108798.0,-108798.0,-108798.0,-108798.0,-108798.0,-108798.0,-108798.0,-108798.0,-108798.0,-108798.0,-108798.0,-108798.0,-108798.0,-108798.0,-108798.0,-108798.0,-108798.0,-108798.0,-108798.0,-108798.0,-108798.0,-108798.0,-108798.0,-108798.0,-108798.0,-108798.0,-108798.0
251:-88626.0,-100196.0,-104346.0,-117131.0,-117131.0,-117131.0,-117131.0,-117131.0,-117131.0,-117131.0,-117131.0,-117131.0,-117131.0,-117131.0,-117131.0,-117131.0,-117131.0,-117131.0,-117131.0,-117131.0,-117131.0,-117131.0,-117131.0,-117131.0,-117131.0,-117131.0,-117131.0,-117131.0,-117131.0,-117131.0,-117131.0,-117131.0,-117131.0,-117131.0,-117131.0,-117131.0,-117131.0,-117131.0,-117131.0,-117131.0,-117131.0,-117131.0,-117131.0,-117131.0,-117131.0,-117131.0,-117131.0,-117131.0,-117131.0,-117131.0,-117131.0,-117131.0,-117131.0,-117131.0,-117131.0,-117131.0,-117131.0,-117131.0,-117131.0,-117131.0,-117131.0,-117131.0,-117131.0,-117131.0,-117131.0,-117131.0,-117131.0,-117131.0,-117131.0,-117131.0,-117131.0,-117131.0,-117131.0,-117131.0,-117131.0,-117131.0,-117131.0,-117131.0,-117131.0,-117131.0,-117131.0,-117131.0,-117131.0,-117131.0,-117131.0,-117131.0,-117131.0,-117131.0,-117131.0,-117131.0,-117131.0,-117131.0,-117131.0,-117131.0,-117131.0,-117131.0,-117131.0,-117131.0,-117131.0,-117131.0,-117131.0,-117131.0,-117131.0,-117131.0,-117131.0,-117131.0,-117131.0,-117131.0,-117131.0,-117131.0,-117131.0,-117131.0,-117131.0,-117131.0,-117131.0,-117131.0,-117131.0,-117131.0,-117131.0,-117131.0,-117131.0,-117131.0,-117131.0,-117131.0,-117131.0,-117131.0,-117131.0,-117131.0,-117131.0,-117131.0,-117131.0,-117131.0,-117131.0,-117131.0,-117131.0,-117131.0,-117131.0,-117131.0,-117131.0,-117131.0,-117131.0,-117131.0,-117131.0,-117131.0,-117131.0,-117131.0,-117131.0,-117131.0,-117131.0,-117131.0,-117131.0,-117131.0,-117131.0,-117131.0,-117131.0,-117131.0,-117131.0,-117131.0,-117131.0,-117131.0,-117131.0,-117131.0,-117131.0,-117131.0,-117131.0,-117131.0,-117131.0,-117131.0,-117131.0,-117131.0,-117131.0,-117131.0,-117131.0,-117131.0,-117131.0,-117131.0,-117131.0,-117131.0,-117131.0,-117131.0,-117131.0,-117131.0,-117131.0,-117131.0,-117131.0,-117131.0,-117131.0,-117131.0,-117131.0,-117131.0,-117131.0,-117131.0,-117131.0,-117131.0,-117131.0,-117131.0,-117131.0,-117131.0,-117131.0,-117131.0,-117131.0,-117131.0,-117131.0,-117131.0,-117131.0,-117131.0,-117131.0,-117131.0,-117131.0,-117131.0,-117131.0,-117131.0,-117131.0,-117131.0,-117131.0,-117131.0,-117131.0,-117131.0,-117131.0,-117131.0,-117131.0,-117131.0,-117131.0,-117131.0,-117131.0,-117131.0,-117131.0,-117131.0,-117131.0,-117131.0,-117131.0,-117131.0,-117131.0,-117131.0,-117131.0,-117131.0,-117131.0,-117131.0,-117131.0,-117131.0,-117131.0,-117131.0,-117131.0,-117131.0,-117131.0,-117131.0,-117131.0,-117131.0,-117131.0,-117131.0,-117131.0
251:-88626.0,-101262.0,-103497.0,-137886.0,-137886.0,-137886.0,-137886.0,-137886.0,-137886.0,-137886.0,-137886.0,-137886.0,-137886.0,-137886.0,-137886.0,-137886.0,-137886.0,-137886.0,-137886.0,-137886.0,-137886.0,-137886.0,-137886.0,-137886.0,-137886.0,-137886.0,-137886.0,-137886.0,-137886.0,-137886.0,-137886.0,-137886.0,-137886.0,-137886.0,-137886.0,-137886.0,-137886.0,-137886.0,-137886.0,-137886.0,-137886.0,-137886.0,-137886.0,-137886.0,-137886.0,-137886.0,-137886.0,-137886.0,-137886.0,-137886.0,-137886.0,-137886.0,-137886.0,-137886.0,-137886.0,-137886.0,-137886.0,-137886.0,-137886.0,-137886.0,-137886.0,-137886.0,-137886.0,-137886.0,-137886.0,-137886.0,-137886.0,-137886.0,-137886.0,-137886.0,-137886.0,-137886.0,-137886.0,-137886.0,-137886.0,-137886.0,-137886.0,-137886.0,-137886.0,-137886.0,-137886.0,-137886.0,-137886.0,-137886.0,-137886.0,-137886.0,-137886.0,-137886.0,-137886.0,-137886.0,-137886.0,-137886.0,-137886.0,-137886.0,-137886.0,-137886.0,-137886.0,-137886.0,-137886.0,-137886.0,-137886.0,-137886.0,-137886.0,-137886.0,-137886.0,-137886.0,-137886.0,-137886.0,-137886.0,-137886.0,-137886.0,-137886.0,-137886.0,-137886.0,-137886.0,-137886.0,-137886.0,-137886.0,-137886.0,-137886.0,-137886.0,-137886.0,-137886.0,-137886.0,-137886.0,-137886.0,-137886.0,-137886.0,-137886.0,-137886.0,-137886.0,-137886.0,-137886.0,-137886.0,-137886.0,-137886.0,-137886.0,-137886.0,-137886.0,-137886.0,-137886.0,-137886.0,-137886.0,-137886.0,-137886.0,-137886.0,-137886.0,-137886.0,-137886.0,-137886.0,-137886.0,-137886.0,-137886.0,-137886.0,-137886.0,-137886.0,-137886.0,-137886.0,-137886.0,-137886.0,-137886.0,-137886.0,-137886.0,-137886.0,-137886.0,-137886.0,-137886.0,-137886.0,-137886.0,-137886.0,-137886.0,-137886.0,-137886.0,-137886.0,-137886.0,-137886.0,-137886.0,-137886.0,-137886.0,-137886.0,-137886.0,-137886.0,-137886.0,-137886.0,-137886.0,-137886.0,-137886.0,-137886.0,-137886.0,-137886.0,-137886.0,-137886.0,-137886.0,-137886.0,-137886.0,-137886.0,-137886.0,-137886.0,-137886.0,-137886.0,-137886.0,-137886.0,-137886.0,-137886.0,-137886.0,-137886.0,-137886.0,-137886.0,-137886.0,-137886.0,-137886.0,-137886.0,-137886.0,-137886.0,-137886.0,-137886.0,-137886.0,-137886.0,-137886.0,-137886.0,-137886.0,-137886.0,-137886.0,-137886.0,-137886.0,-137886.0,-137886.0,-137886.0,-137886.0,-137886.0,-137886.0,-137886.0,-137886.0,-137886.0,-137886.0,-137886.0,-137886.0,-137886.0,-137886.0,-137886.0,-137886.0,-137886.0,-137886.0,-137886.0,-137886.0,-137886.0,-137886.0,-137886.0,-137886.0,-137886.0,-137886.0
251:-88626.0,-92028.0,-100600.0,-100604.0,-102727.0,-102727.0,-129948.0,-129948.0,-129948.0,-129948.0,-129948.0,-129948.0,-129948.0,-129948.0,-129948.0,-129948.0,-129948.0,-129948.0,-129948.0,-129948.0,-129948.0,-129948.0,-129948.0,-129948.0,-129948.0,-129948.0,-129948.0,-129948.0,-129948.0,-129948.0,-129948.0,-129948.0,-129948.0,-129948.0,-129948.0,-129948.0,-129948.0,-129948.0,-129948.0,-129948.0,-129948.0,-129948.0,-129948.0,-129948.0,-129948.0,-129948.0,-129948.0,-129948.0,-129948.0,-129948.0,-129948.0,-129948.0,-129948.0,-129948.0,-129948.0,-129948.0,-129948.0,-129948.0,-129948.0,-129948.0,-129948.0,-129948.0,-129948.0,-129948.0,-129948.0,-129948.0,-129948.0,-129948.0,-129948.0,-129948.0,-129948.0,-129948.0,-129948.0,-129948.0,-129948.0,-129948.0,-129948.0,-129948.0,-129948.0,-129948.0,-129948.0,-129948.0,-129948.0,-129948.0,-129948.0,-129948.0,-129948.0,-129948.0,-129948.0,-129948.0,-129948.0,-129948.0,-129948.0,-129948.0,-129948.0,-129948.0,-129948.0,-129948.0,-129948.0,-129948.0,-129948.0,-129948.0,-129948.0,-129948.0,-129948.0,-129948.0,-129948.0,-129948.0,-129948.0,-129948.0,-129948.0,-129948.0,-129948.0,-129948.0,-129948.0,-129948.0,-129948.0,-129948.0,-129948.0,-129948.0,-129948.0,-129948.0,-129948.0,-129948.0,-129948.0,-129948.0,-129948.0,-129948.0,-129948.0,-129948.0,-129948.0,-129948.0,-129948.0,-129948.0,-129948.0,-129948.0,-129948.0,-129948.0,-129948.0,-129948.0,-129948.0,-129948.0,-129948.0,-129948.0,-129948.0,-129948.0,-129948.0,-129948.0,-129948.0,-129948.0,-129948.0,-129948.0,-129948.0,-129948.0,-129948.0,-129948.0,-129948.0,-129948.0,-129948.0,-129948.0,-129948.0,-129948.0,-129948.0,-129948.0,-129948.0,-129948.0,-129948.0,-129948.0,-129948.0,-129948.0,-129948.0,-129948.0,-129948.0,-129948.0,-129948.0,-129948.0,-129948.0,-129948.0,-129948.0,-129948.0,-129948.0,-129948.0,-129948.0,-129948.0,-129948.0,-129948.0,-129948.0,-129948.0,-129948.0,-129948.0,-129948.0,-129948.0,-129948.0,-129948.0,-129948.0,-129948.0,-129948.0,-129948.0,-129948.0,-129948.0,-129948.0,-129948.0,-129948.0,-129948.0,-129948.0,-129948.0,-129948.0,-129948.0,-129948.0,-129948.0,-129948.0,-129948.0,-129948.0,-129948.0,-129948.0,-129948.0,-129948.0,-129948.0,-129948.0,-129948.0,-129948.0,-129948.0,-129948.0,-129948.0,-129948.0,-129948.0,-129948.0,-129948.0,-129948.0,-129948.0,-129948.0,-129948.0,-129948.0,-129948.0,-129948.0,-129948.0,-129948.0,-129948.0,-129948.0,-129948.0,-129948.0,-129948.0,-129948.0,-129948.0,-129948.0,-129948.0,-129948.0,-129948.0,-129948.0,-129948.0,-129948.0
251:-89851.0,-89854.0,-94648.0,-101275.0,-101275.0,-102987.0,-102987.0,-103497.0,-107745.0,-107745.0,-118041.0,-118041.0,-118041.0,-118041.0,-118041.0,-118041.0,-118041.0,-118041.0,-118041.0,-118041.0,-118041.0,-118041.0,-118041.0,-118041.0,-118041.0,-118041.0,-118041.0,-118041.0,-118041.0,-118041.0,-118041.0,-118041.0,-118041.0,-118041.0,-118041.0,-118041.0,-118041.0,-118041.0,-118041.0,-118041.0,-118041.0,-118041.0,-118041.0,-118041.0,-118041.0,-118041.0,-118041.0,-118041.0,-118041.0,-118041.0,-118041.0,-118041.0,-118041.0,-118041.0,-118041.0,-118041.0,-118041.0,-118041.0,-118041.0,-118041.0,-118041.0,-118041.0,-118041.0,-118041.0,-118041.0,-118041.0,-118041.0,-118041.0,-118041.0,-118041.0,-118041.0,-118041.0,-118041.0,-118041.0,-118041.0,-118041.0,-118041.0,-118041.0,-118041.0,-118041.0,-118041.0,-118041.0,-118041.0,-118041.0,-118041.0,-118041.0,-118041.0,-118041.0,-118041.0,-118041.0,-118041.0,-118041.0,-118041.0,-118041.0,-118041.0,-118041.0,-118041.0,-118041.0,-118041.0,-118041.0,-118041.0,-118041.0,-118041.0,-118041.0,-118041.0,-118041.0,-118041.0,-118041.0,-118041.0,-118041.0,-118041.0,-118041.0,-118041.0,-118041.0,-118041.0,-118041.0,-118041.0,-118041.0,-118041.0,-118041.0,-118041.0,-118041.0,-118041.0,-118041.0,-118041.0,-118041.0,-118041.0,-118041.0,-118041.0,-118041.0,-118041.0,-118041.0,-118041.0,-118041.0,-118041.0,-118041.0,-118041.0,-118041.0,-118041.0,-118041.0,-118041.0,-118041.0,-118041.0,-118041.0,-118041.0,-118041.0,-118041.0,-118041.0,-118041.0,-118041.0,-118041.0,-118041.0,-118041.0,-118041.0,-118041.0,-118041.0,-118041.0,-118041.0,-118041.0,-118041.0,-118041.0,-118041.0,-118041.0,-118041.0,-118041.0,-118041.0,-118041.0,-118041.0,-118041.0,-118041.0,-118041.0,-118041.0,-118041.0,-118041.0,-118041.0,-118041.0,-118041.0,-118041.0,-118041.0,-118041.0,-118041.0,-118041.0,-118041.0,-118041.0,-118041.0,-118041.0,-118041.0,-118041.0,-118041.0,-118041.0,-118041.0,-118041.0,-118041.0,-118041.0,-118041.0,-118041.0,-118041.0,-118041.0,-118041.0,-118041.0,-118041.0,-118041.0,-118041.0,-118041.0,-118041.0,-118041.0,-118041.0,-118041.0,-118041.0,-118041.0,-118041.0,-118041.0,-118041.0,-118041.0,-118041.0,-118041.0,-118041.0,-118041.0,-118041.0,-118041.0,-118041.0,-118041.0,-118041.0,-118041.0,-118041.0,-118041.0,-118041.0,-118041.0,-118041.0,-118041.0,-118041.0,-118041.0,-118041.0,-118041.0,-118041.0,-118041.0,-118041.0,-118041.0,-118041.0,-118041.0,-118041.0,-118041.0,-118041.0,-118041.0,-118041.0,-118041.0,-118041.0,-118041.0,-118041.0,-118041.0,-118041.0
251:-49351.0,-59788.0,-66743.0,-66743.0,-66743.0,-66743.0,-66743.0,-66743.0,-66743.0,-66743.0,-66743.0,-66743.0,-66743.0,-66743.0,-66743.0,-66743.0,-66743.0,-66743.0,-66743.0,-66743.0,-66743.0,-66743.0,-66743.0,-66743.0,-66743.0,-66743.0,-66743.0,-66743.0,-66743.0,-66743.0,-66743.0,-66743.0,-66743.0,-66743.0,-66743.0,-66743.0,-66743.0,-66743.0,-66743.0,-66743.0,-66743.0,-66743.0,-66743.0,-66743.0,-66743.0,-66743.0,-66743.0,-66743.0,-66743.0,-66743.0,-66743.0,-66743.0,-66743.0,-66743.0,-66743.0,-66743.0,-66743.0,-66743.0,-66743.0,-66743.0,-66743.0,-66743.0,-66743.0,-66743.0,-66743.0,-66743.0,-66743.0,-66743.0,-66743.0,-66743.0,-66743.0,-66743.0,-66743.0,-66743.0,-66743.0,-66743.0,-66743.0,-66743.0,-66743.0,-66743.0,-66743.0,-66743.0,-66743.0,-66743.0,-66743.0,-66743.0,-66743.0,-66743.0,-66743.0,-66743.0,-66743.0,-66743.0,-66743.0,-66743.0,-66743.0,-66743.0,-66743.0,-66743.0,-66743.0,-66743.0,-66743.0,-66743.0,-66743.0,-66743.0,-66743.0,-66743.0,-66743.0,-66743.0,-66743.0,-66743.0,-66743.0,-66743.0,-66743.0,-66743.0,-66743.0,-66743.0,-66743.0,-66743.0,-66743.0,-66743.0,-66743.0,-66743.0,-66743.0,-66743.0,-66743.0,-66743.0,-66743.0,-66743.0,-66743.0,-66743.0,-66743.0,-66743.0,-66743.0,-66743.0,-66743.0,-66743.0,-66743.0,-66743.0,-66743.0,-66743.0,-66743.0,-66743.0,-66743.0,-66743.0,-66743.0,-66743.0,-66743.0,-66743.0,-66743.0,-66743.0,-66743.0,-66743.0,-66743.0,-66743.0,-66743.0,-66743.0,-66743.0,-66743.0,-66743.0,-66743.0,-66743.0,-66743.0,-66743.0,-66743.0,-66743.0,-66743.0,-66743.0,-66743.0,-66743.0,-66743.0,-66743.0,-66743.0,-66743.0,-66743.0,-66743.0,-66743.0,-66743.0,-66743.0,-66743.0,-66743.0,-66743.0,-66743.0,-66743.0,-66743.0,-66743.0,-66743.0,-66743.0,-66743.0,-66743.0,-66743.0,-66743.0,-66743.0,-66743.0,-66743.0,-66743.0,-66743.0,-66743.0,-66743.0,-66743.0,-66743.0,-66743.0,-66743.0,-66743.0,-66743.0,-66743.0,-66743.0,-66743.0,-66743.0,-66743.0,-66743.0,-66743.0,-66743.0,-66743.0,-66743.0,-66743.0,-66743.0,-66743.0,-66743.0,-66743.0,-66743.0,-66743.0,-66743.0,-66743.0,-66743.0,-66743.0,-66743.0,-66743.0,-66743.0,-66743.0,-66743.0,-66743.0,-66743.0,-66743.0,-66743.0,-66743.0,-66743.0,-66743.0,-66743.0,-66743.0,-66743.0,-66743.0,-66743.0,-66743.0,-66743.0,-66743.0,-66743.0,-66743.0,-66743.0,-66743.0,-66743.0,-66743.0
151:-24622.0,-25685.0,-26763.0,-27138.0,-27138.0,-27138.0,-27138.0,-27138.0,-27138.0,-27138.0,-27138.0,-27138.0,-27138.0,-27138.0,-27138.0,-27138.0,-27138.0,-27138.0,-27138.0,-27138.0,-27138.0,-27138.0,-27138.0,-27138.0,-27138.0,-27138.0,-27138.0,-27138.0,-27138.0,-27138.0,-27138.0,-27138.0,-27138.0,-27138.0,-27138.0,-27138.0,-27138.0,-27138.0,-27138.0,-27138.0,-27138.0,-27138.0,-27138.0,-27138.0,-27138.0,-27138.0,-27138.0,-27138.0,-27138.0,-27138.0,-27138.0,-27138.0,-27138.0,-27138.0,-27138.0,-27138.0,-27138.0,-27138.0,-27138.0,-27138.0,-27138.0,-27138.0,-27138.0,-27138.0,-27138.0,-27138.0,-27138.0,-27138.0,-27138.0,-27138.0,-27138.0,-27138.0,-27138.0,-27138.0,-27138.0,-27138.0,-27138.0,-27138.0,-27138.0,-27138.0,-27138.0,-27138.0,-27138.0,-27138.0,-27138.0,-27138.0,-27138.0,-27138.0,-27138.0,-27138.0,-27138.0,-27138.0,-27138.0,-27138.0,-27138.0,-27138.0,-27138.0,-27138.0,-27138.0,-27138.0,-27138.0,-27138.0,-27138.0,-27138.0,-27138.0,-27138.0,-27138.0,-27138.0,-27138.0,-27138.0,-27138.0,-27138.0,-27138.0,-27138.0,-27138.0,-27138.0,-27138.0,-27138.0,-27138.0,-27138.0,-27138.0,-27138.0,-27138.0,-27138.0,-27138.0,-27138.0,-27138.0,-27138.0,-27138.0,-27138.0,-27138.0,-27138.0,-27138.0,-27138.0,-27138.0,-27138.0,-27138.0,-27138.0,-27138.0,-27138.0,-27138.0,-27138.0,-27138.0,-27138.0,-27138.0,-27138.0,-27138.0,-27138.0,-27138.0,-27138.0,-27138.0
101:-24622.0,-24622.0,-24622.0,-24622.0,-24622.0,-24622.0,-24622.0,-24622.0,-24622.0,-24622.0,-25314.0,-25314.0,-25464.0,-25464.0,-25464.0,-25464.0,-25464.0,-25464.0,-25464.0,-25464.0,-25464.0,-25464.0,-25464.0,-25464.0,-25464.0,-25464.0,-25464.0,-25464.0,-25464.0,-25464.0,-25464.0,-25464.0,-25464.0,-25464.0,-25464.0,-25464.0,-25464.0,-25464.0,-25464.0,-25464.0,-25464.0,-25464.0,-25464.0,-25464.0,-25464.0,-25464.0,-25464.0,-25464.0,-25464.0,-25464.0,-25464.0,-25464.0,-25464.0,-25464.0,-25464.0,-25464.0,-25464.0,-25464.0,-25464.0,-25464.0,-25464.0,-25464.0,-25464.0,-25464.0,-25464.0,-25464.0,-25464.0,-25464.0,-25464.0,-25464.0,-25464.0,-25464.0,-25464.0,-25464.0,-25464.0,-25464.0,-25464.0,-25464.0,-25464.0,-25464.0,-25464.0,-25464.0,-25464.0,-25464.0,-25464.0,-25464.0,-25464.0,-25464.0,-25464.0,-25464.0,-25464.0,-25464.0,-25464.0,-25464.0,-25464.0,-25464.0,-25464.0,-25464.0,-25464.0,-25464.0,-25464.0
51:-23502.0,-23502.0,-23502.0,-23502.0,-23502.0,-23502.0,-23502.0,-23502.0,-23502.0,-23502.0,-23502.0,-23502.0,-23502.0,-23502.0,-23502.0,-23502.0,-23502.0,-23502.0,-23502.0,-23502.0,-23502.0,-23502.0,-23502.0,-23502.0,-23502.0,-23502.0,-23502.0,-23502.0,-23502.0,-23502.0,-23502.0,-23502.0,-23502.0,-23502.0,-23502.0,-23502.0,-23502.0,-23502.0,-23502.0,-23502.0,-23502.0,-23502.0,-23502.0,-23502.0,-23502.0,-23502.0,-23502.0,-23502.0,-23502.0,-23502.0,-23502.0
51:-23502.0,-23502.0,-23502.0,-23502.0,-23502.0,-23502.0,-23502.0,-23502.0,-23502.0,-23502.0,-23502.0,-23502.0,-23502.0,-23502.0,-23502.0,-23502.0,-23502.0,-23502.0,-23502.0,-23502.0,-23502.0,-23502.0,-23502.0,-23502.0,-23502.0,-23502.0,-23502.0,-23502.0,-23502.0,-23502.0,-23502.0,-23502.0,-23502.0,-23502.0,-23502.0,-23502.0,-23502.0,-23502.0,-23502.0,-23502.0,-23502.0,-23502.0,-23502.0,-23502.0,-23502.0,-23502.0,-23502.0,-23502.0,-23502.0,-23502.0,-23502.0
51:-23502.0,-23502.0,-23502.0,-23502.0,-23502.0,-23502.0,-23502.0,-23502.0,-23502.0,-23502.0,-23502.0,-23502.0,-23502.0,-23502.0,-23502.0,-23502.0,-23502.0,-23502.0,-23502.0,-23502.0,-23502.0,-23502.0,-23502.0,-23502.0,-23502.0,-23502.0,-23502.0,-23502.0,-23502.0,-23502.0,-23502.0,-23502.0,-23502.0,-23502.0,-23502.0,-23502.0,-23502.0,-23502.0,-23502.0,-23502.0,-23502.0,-23502.0,-23502.0,-23502.0,-23502.0,-23502.0,-23502.0,-23502.0,-23502.0,-23502.0,-23502.0
51:-23502.0,-23502.0,-23502.0,-23502.0,-23502.0,-23502.0,-23502.0,-23502.0,-23502.0,-23502.0,-23502.0,-23502.0,-23502.0,-23502.0,-23502.0,-23502.0,-23502.0,-23502.0,-23502.0,-23502.0,-23502.0,-23502.0,-23502.0,-23502.0,-23502.0,-23502.0,-23502.0,-23502.0,-23502.0,-23502.0,-23502.0,-23502.0,-23502.0,-23502.0,-23502.0,-23502.0,-23502.0,-23502.0,-23502.0,-23502.0,-23502.0,-23502.0,-23502.0,-23502.0,-23502.0,-23502.0,-23502.0,-23502.0,-23502.0,-23502.0,-23502.0
51:-23502.0,-23502.0,-23502.0,-23502.0,-23502.0,-23502.0,-23502.0,-23502.0,-23502.0,-23502.0,-23502.0,-23502.0,-23502.0,-23502.0,-23502.0,-23502.0,-23502.0,-23502.0,-23502.0,-23502.0,-23502.0,-23502.0,-23502.0,-23502.0,-23502.0,-23502.0,-23502.0,-23502.0,-23502.0,-23502.0,-23502.0,-23502.0,-23502.0,-23502.0,-23502.0,-23502.0,-23502.0,-23502.0,-23502.0,-23502.0,-23502.0,-23502.0,-23502.0,-23502.0,-23502.0,-23502.0,-23502.0,-23502.0,-23502.0,-23502.0,-23502.0
51:-23502.0,-23502.0,-23502.0,-23502.0,-23502.0,-23502.0,-23502.0,-23502.0,-23502.0,-23502.0,-23502.0,-23502.0,-23502.0,-23502.0,-23502.0,-23502.0,-23502.0,-23502.0,-23502.0,-23502.0,-23502.0,-23502.0,-23502.0,-23502.0,-23502.0,-23502.0,-23502.0,-23502.0,-23502.0,-23502.0,-23502.0,-23502.0,-23502.0,-23502.0,-23502.0,-23502.0,-23502.0,-23502.0,-23502.0,-23502.0,-23502.0,-23502.0,-23502.0,-23502.0,-23502.0,-23502.0,-23502.0,-23502.0,-23502.0,-23502.0,-23502.0
51:-23634.0,-23634.0,-23634.0,-23634.0,-23634.0,-23634.0,-23634.0,-23634.0,-23634.0,-23634.0,-23634.0,-23634.0,-23634.0,-23634.0,-23634.0,-23634.0,-23634.0,-23634.0,-23634.0,-23634.0,-23634.0,-23634.0,-23634.0,-23634.0,-23634.0,-23634.0,-23634.0,-23634.0,-23634.0,-23634.0,-23634.0,-23634.0,-23634.0,-23634.0,-23634.0,-23634.0,-23634.0,-23634.0,-23634.0,-23634.0,-23634.0,-23634.0,-23634.0,-23634.0,-23634.0,-23634.0,-23634.0,-23634.0,-23634.0,-23634.0,-23634.0
51:-23634.0,-23634.0,-23634.0,-23634.0,-23634.0,-23634.0,-23634.0,-23634.0,-23634.0,-23634.0,-23634.0,-23634.0,-23634.0,-23634.0,-23634.0,-23634.0,-23634.0,-23634.0,-23634.0,-23634.0,-23634.0,-23634.0,-23634.0,-23634.0,-23634.0,-23634.0,-23634.0,-23634.0,-23634.0,-23634.0,-23634.0,-23634.0,-23634.0,-23634.0,-23634.0,-23634.0,-23634.0,-23634.0,-23634.0,-23634.0,-23634.0,-23634.0,-23634.0,-23634.0,-23634.0,-23634.0,-23634.0,-23634.0,-23634.0,-23634.0,-23634.0
51:-23634.0,-23634.0,-23634.0,-23634.0,-23634.0,-23634.0,-23634.0,-23634.0,-23634.0,-23634.0,-23634.0,-23634.0,-23634.0,-23634.0,-23634.0,-23634.0,-23634.0,-23634.0,-23634.0,-23634.0,-23634.0,-23634.0,-23634.0,-23634.0,-23634.0,-23634.0,-23634.0,-23634.0,-23634.0,-23634.0,-23634.0,-23634.0,-23634.0,-23634.0,-23634.0,-23634.0,-23634.0,-23634.0,-23634.0,-23634.0,-23634.0,-23634.0,-23634.0,-23634.0,-23634.0,-23634.0,-23634.0,-23634.0,-23634.0,-23634.0,-23634.0
51:-23634.0,-23634.0,-23634.0,-23634.0,-23634.0,-23634.0,-23634.0,-23634.0,-23634.0,-23634.0,-23634.0,-23634.0,-23634.0,-23634.0,-23634.0,-23634.0,-23634.0,-23634.0,-23634.0,-23634.0,-23634.0,-23634.0,-23634.0,-23634.0,-23634.0,-23634.0,-23634.0,-23634.0,-23634.0,-23634.0,-23634.0,-23634.0,-23634.0,-23634.0,-23634.0,-23634.0,-23634.0,-23634.0,-23634.0,-23634.0,-23634.0,-23634.0,-23634.0,-23634.0,-23634.0,-23634.0,-23634.0,-23634.0,-23634.0,-23634.0,-23634.0
51:-23634.0,-23634.0,-23634.0,-23634.0,-23634.0,-23634.0,-23634.0,-23634.0,-23634.0,-23634.0,-23634.0,-23634.0,-23634.0,-23634.0,-23634.0,-23634.0,-23634.0,-23634.0,-23634.0,-23634.0,-23634.0,-23634.0,-23634.0,-23634.0,-23634.0,-23634.0,-23634.0,-23634.0,-23634.0,-23634.0,-23634.0,-23634.0,-23634.0,-23634.0,-23634.0,-23634.0,-23634.0,-23634.0,-23634.0,-23634.0,-23634.0,-23634.0,-23634.0,-23634.0,-23634.0,-23634.0,-23634.0,-23634.0,-23634.0,-23634.0,-23634.0
51:-23802.0,-23802.0,-23802.0,-23802.0,-23802.0,-23802.0,-23802.0,-23802.0,-23802.0,-23802.0,-23802.0,-23802.0,-23802.0,-23802.0,-23802.0,-23802.0,-23802.0,-23802.0,-23802.0,-23802.0,-23802.0,-23802.0,-23802.0,-23802.0,-23802.0,-23802.0,-23802.0,-23802.0,-23802.0,-23802.0,-23802.0,-23802.0,-23802.0,-23802.0,-23802.0,-23802.0,-23802.0,-23802.0,-23802.0,-23802.0,-23802.0,-23802.0,-23802.0,-23802.0,-23802.0,-23802.0,-23802.0,-23802.0,-23802.0,-23802.0,-23802.0
51:-23802.0,-23802.0,-23802.0,-23802.0,-23802.0,-23802.0,-23802.0,-23802.0,-23802.0,-23802.0,-23802.0,-23802.0,-23802.0,-23802.0,-23802.0,-23802.0,-23802.0,-23802.0,-23802.0,-23802.0,-23802.0,-23802.0,-23802.0,-23802.0,-23802.0,-23802.0,-23802.0,-23802.0,-23802.0,-23802.0,-23802.0,-23802.0,-23802.0,-23802.0,-23802.0,-23802.0,-23802.0,-23802.0,-23802.0,-23802.0,-23802.0,-23802.0,-23802.0,-23802.0,-23802.0,-23802.0,-23802.0,-23802.0,-23802.0,-23802.0,-23802.0
51:-23802.0,-23802.0,-23802.0,-23802.0,-23802.0,-23802.0,-23802.0,-23802.0,-23802.0,-23802.0,-23802.0,-23802.0,-23802.0,-23802.0,-23802.0,-23802.0,-23802.0,-23802.0,-23802.0,-23802.0,-23802.0,-23802.0,-23802.0,-23802.0,-23802.0,-23802.0,-23802.0,-23802.0,-23802.0,-23802.0,-23802.0,-23802.0,-23802.0,-23802.0,-23802.0,-23802.0,-23802.0,-23802.0,-23802.0,-23802.0,-23802.0,-23802.0,-23802.0,-23802.0,-23802.0,-23802.0,-23802.0,-23802.0,-23802.0,-23802.0,-23802.0
51:-23802.0,-23802.0,-23802.0,-23802.0,-23802.0,-23802.0,-23802.0,-23802.0,-23802.0,-23802.0,-23802.0,-23802.0,-23802.0,-23802.0,-23802.0,-23802.0,-23802.0,-23802.0,-23802.0,-23802.0,-23802.0,-23802.0,-23802.0,-23802.0,-23802.0,-23802.0,-23802.0,-23802.0,-23802.0,-23802.0,-23802.0,-23802.0,-23802.0,-23802.0,-23802.0,-23802.0,-23802.0,-23802.0,-23802.0,-23802.0,-23802.0,-23802.0,-23802.0,-23802.0,-23802.0,-23802.0,-23802.0,-23802.0,-23802.0,-23802.0,-23802.0
51:-23802.0,-23802.0,-23802.0,-23802.0,-23802.0,-23802.0,-23802.0,-23802.0,-23802.0,-23802.0,-23802.0,-23802.0,-23802.0,-23802.0,-23802.0,-23802.0,-23802.0,-23802.0,-23802.0,-23802.0,-23802.0,-23802.0,-23802.0,-23802.0,-23802.0,-23802.0,-23802.0,-23802.0,-23802.0,-23802.0,-23802.0,-23802.0,-23802.0,-23802.0,-23802.0,-23802.0,-23802.0,-23802.0,-23802.0,-23802.0,-23802.0,-23802.0,-23802.0,-23802.0,-23802.0,-23802.0,-23802.0,-23802.0,-23802.0,-23802.0,-23802.0
51:-23802.0,-23802.0,-23802.0,-23802.0,-23802.0,-23802.0,-23802.0,-23802.0,-23802.0,-23802.0,-23802.0,-23802.0,-23802.0,-23802.0,-23802.0,-23802.0,-23802.0,-23802.0,-23802.0,-23802.0,-23802.0,-23802.0,-23802.0,-23802.0,-23802.0,-23802.0,-23802.0,-23802.0,-23802.0,-23802.0,-23802.0,-23802.0,-23802.0,-23802.0,-23802.0,-23802.0,-23802.0,-23802.0,-23802.0,-23802.0,-23802.0,-23802.0,-23802.0,-23802.0,-23802.0,-23802.0,-23802.0,-23802.0,-23802.0,-23802.0,-23802.0
51:-23802.0,-23802.0,-23802.0,-23802.0,-23802.0,-23802.0,-23802.0,-23802.0,-23802.0,-23802.0,-23802.0,-23802.0,-23802.0,-23802.0,-23802.0,-23802.0,-23802.0,-23802.0,-23802.0,-23802.0,-23802.0,-23802.0,-23802.0,-23802.0,-23802.0,-23802.0,-23802.0,-23802.0,-23802.0,-23802.0,-23802.0,-23802.0,-23802.0,-23802.0,-23802.0,-23802.0,-23802.0,-23802.0,-23802.0,-23802.0,-23802.0,-23802.0,-23802.0,-23802.0,-23802.0,-23802.0,-23802.0,-23802.0,-23802.0,-23802.0,-23802.0
51:-23802.0,-23802.0,-23802.0,-23802.0,-23802.0,-23802.0,-23802.0,-23802.0,-23802.0,-23802.0,-23802.0,-23802.0,-23802.0,-23802.0,-23802.0,-23802.0,-23802.0,-23802.0,-23802.0,-23802.0,-23802.0,-23802.0,-23802.0,-23802.0,-23802.0,-23802.0,-23802.0,-23802.0,-23802.0,-23802.0,-23802.0,-23802.0,-23802.0,-23802.0,-23802.0,-23802.0,-23802.0,-23802.0,-23802.0,-23802.0,-23802.0,-23802.0,-23802.0,-23802.0,-23802.0,-23802.0,-23802.0,-23802.0,-23802.0,-23802.0,-23802.0
51:-23802.0,-23802.0,-23802.0,-23802.0,-23802.0,-23802.0,-23802.0,-23802.0,-23802.0,-23802.0,-23802.0,-23802.0,-23802.0,-23802.0,-23802.0,-23802.0,-23802.0,-23802.0,-23802.0,-23802.0,-23802.0,-23802.0,-23802.0,-23802.0,-23802.0,-23802.0,-23802.0,-23802.0,-23802.0,-23802.0,-23802.0,-23802.0,-23802.0,-23802.0,-23802.0,-23802.0,-23802.0,-23802.0,-23802.0,-23802.0,-23802.0,-23802.0,-23802.0,-23802.0,-23802.0,-23802.0,-23802.0,-23802.0,-23802.0,-23802.0,-23802.0
51:-11802.0,-11802.0,-11802.0,-11802.0,-11802.0,-11802.0,-11802.0,-11802.0,-11802.0,-11802.0,-11802.0,-11802.0,-11802.0,-11802.0,-11802.0,-11802.0,-11802.0,-11802.0,-11802.0,-11802.0,-11802.0,-11802.0,-11802.0,-11802.0,-11802.0,-11802.0,-11802.0,-11802.0,-11802.0,-11802.0,-11802.0,-11802.0,-11802.0,-11802.0,-11802.0,-11802.0,-11802.0,-11802.0,-11802.0,-11802.0,-11802.0,-11802.0,-11802.0,-11802.0,-11802.0,-11802.0,-11802.0,-11802.0,-11802.0,-11802.0,-11802.0
51:0.0,-1002.0,-1002.0,-1002.0,-1002.0,-1002.0,-1002.0,-1002.0,-1002.0,-1002.0,-1002.0,-1002.0,-1002.0,-1002.0,-1002.0,-1002.0,-1002.0,-1002.0,-1002.0,-1002.0,-1002.0,-1002.0,-1002.0,-1002.0,-1002.0,-1002.0,-1002.0,-1002.0,-1002.0,-1002.0,-1002.0,-1002.0,-1002.0,-1002.0,-1002.0,-1002.0,-1002.0,-1002.0,-1002.0,-1002.0,-1002.0,-1002.0,-1002.0,-1002.0,-1002.0,-1002.0,-1002.0,-1002.0,-1002.0,-1002.0,-1002.0
0: 0
0: 0
0: 0
0: 0
0: 0
0: 0
0: 0
0: 0
0: 0
0: 0
0: 0
0: 0
0: 0
0: 0
0: 0
0: 0
0: 0
0: 0
0: 0
0: 0
